﻿<?xml version="1.0" encoding="UTF-8"?>
<class>
<marathi root="शुभ">good(happy)</marathi>
<marathi root="प्रभात">morning</marathi>﻿  
<marathi root="हार्दिक">best(heartiest)</marathi>
<marathi root="शुभेच्छा">wishes</marathi>﻿  
<marathi root="अभिनंदन">congratulations</marathi>
<marathi root="धन्यवाद">thank you</marathi>﻿  
<marathi root="यात्रा">journey</marathi>
<marathi root="मातृभाषा">mother tongue</marathi>﻿  
<marathi root="अखंड">undivided</marathi>
<marathi root="हिंदुस्तान">India</marathi>﻿  
<marathi root="नवरात्री">navratri</marathi>
<marathi root="विशेष">special</marathi>
<marathi root="गुवाहाटिचा">of Guwahatti</marathi> 
<marathi root="खरोखर">really</marathi>
<marathi root="रोमांचकारी">thrilling</marathi>
<marathi root="धनबाद">of Dhanbad</marathi>
<marathi root="साहबगंज" >of Sahabganj</marathi>
<marathi root="बोकारो" >of Bokaro</marathi>
<marathi root="चतरा">of Chatara</marathi>
<marathi root="पाकुड" >of Pakud</marathi>
<marathi root="गोड्डा">of Godda</marathi>
<marathi root="हजारीबाग">of Hazaribaug</marathi>
<marathi root="आकर्षण">attraction</marathi>
<marathi root="जामा">Jama</marathi>
<marathi root="मशिद">Mashjid</marathi>
<marathi root="स्वामी ">Swami</marathi>
<marathi root="सरस्वतींचे">Saraswati's</marathi>
<marathi root="सत्यानंद">Satyanand</marathi> 
<marathi root="नम्रताभट्‍ट">Namrata Bhatt</marathi>
<marathi root="उर्सची">Ursh's</marathi>
<marathi root="अजमेर">Ajmer</marathi> 
<marathi root="रचना">structures</marathi>
<marathi root="शनिवारवाडा">Shaniwarwada</marathi>
<marathi root="राजा">king</marathi>
<marathi root="तानाजी">Tanaji</marathi>
<marathi root="नामदेव">Namdev</marathi>
<marathi root="कवी">poet</marathi>
<marathi root="मुख्यमंत्री">Chief Minister</marathi>
<marathi root="बाजीराव">Bajirao</marathi>

<marathi root="निरागस">innocent</marathi>

<marathi root="बरोबर">correct</marathi>
<marathi root="विकस">developed</marathi>
<marathi root="डेअरी">dairy</marathi>  
<marathi root="वेल्फेयर" >welfare</marathi>
<marathi root="स्विस">Swiss</marathi>
<marathi root="गंगटोक">Gangtok</marathi>
<marathi root="सेंचल">Senchal</marathi>
<marathi root="महानलेश्‍वर">Mahanaleshwar</marathi>
<marathi root="नेहरू">Nehru</marathi>
<marathi root="सजावट">decoration</marathi>
<marathi root="शूर">brave</marathi>
<marathi root="विश्‍वनाथ">Vishwanath</marathi>
<marathi root="मूर्तिकलेसाठी">for sculpture art</marathi>
<marathi root="आले">came</marathi>
<marathi root="दाट">thick</marathi>
<marathi root="गोड">sweet</marathi>
<marathi root="टकडा">Takda</marathi>
<marathi root="सिक्‍किमची">Sikkim's</marathi>
<marathi root="कलिंगपाँगचा">Kalimpong's</marathi>
<marathi root="खेकडा">crab</marathi>
<marathi root="ऋता">Ruta</marathi>
<marathi root="अभिनेत्री">actress</marathi>
<marathi root="रेखा">Rekha</marathi>﻿   
<marathi root="मॅच">match</marathi>﻿  
<marathi root="श्रेयस">Shreyas</marathi>
<marathi root="आनंदी">happy</marathi>﻿  
<marathi root="अक्षय">Akshay</marathi>﻿  
<marathi root="श्रेया">Shreya</marathi>
<marathi root="बुटका">short</marathi>﻿  
<marathi root="नेहमी">always</marathi>
<marathi root="विश्व">world</marathi>﻿  
<marathi root="खरा">truth</marathi>﻿  
<marathi root="अभिनय">acting</marathi>
<marathi root="कारकून">clerk</marathi>﻿  
<marathi root="आळ">lazy</marathi>
<marathi root="स्वप्न">dream</marathi>﻿  
<marathi root="भक्कम">strong</marathi>﻿  
<marathi root="अवाढव्य">huge</marathi>
<marathi root="स्वार्थी">selfish</marathi>﻿  
<marathi root="आमचा">our</marathi>
<marathi root="विजय">victory</marathi>﻿  
<marathi root="निश्चित">certain</marathi>﻿  
<marathi root="सोबत">company</marathi>
<marathi root="महत्वाची">important</marathi>﻿  
<marathi root="विषय">subject</marathi>
<marathi root="महत्वाचे">important</marathi>
<marathi root="राजकारण">politics</marathi>﻿  
<marathi root="प्रामाणिक">honest</marathi>
<marathi root="आंदोलन">movement</marathi>﻿  
<marathi root="देशव्यापी">huge</marathi>--
<marathi root="समाज">mass</marathi>﻿  
<marathi root="साक्षर">literate</marathi>﻿  
<marathi root="सिनेमा">movie</marathi>
<marathi root="विकसन">developing</marathi>﻿  
<marathi root="अविकसित">not developed</marathi>
<marathi root="सूत्रसंचालक">anchor</marathi>﻿  
<marathi root="प्रेमळ">lovely</marathi>
<marathi root="निवडणूक">election</marathi>﻿  
<marathi root="विनोदी">comedy</marathi>--
<marathi root="वाढदिवस">birthday</marathi>﻿  
<marathi root="परीक्षा">exam</marathi>
<marathi root="पारदर्शक">transparent</marathi>﻿  
<marathi root="विजवाहक">conductor</marathi>
<marathi root="सचिन">Sachin</marathi>﻿  
<marathi root="खेळाडू">player</marathi>
<marathi root="लोखंड">iron</marathi>﻿  
<marathi root="प्रश्न">question</marathi>
<marathi root="चुकीचा">wrong</marathi>﻿  
<marathi root="सॉफ्टवेअर">software</marathi>--
<marathi root="दयाळू">kind</marathi>﻿  
<marathi root="विशाल">huge</marathi>
<marathi root="योजना">idea</marathi>
<marathi root="पिढी">generation</marathi>﻿  
<marathi root="डॉक्टर">doctor</marathi>
<marathi root="वकील">lawyer</marathi>﻿  
<marathi root="सुशिक्षित">educated</marathi>--
<marathi root="व्यावसायिक">businessman</marathi>﻿  
<marathi root="काळ">time</marathi>
<marathi root="इंजिनियर">engineer</marathi>
<marathi root="प्रतिनिधी">leader</marathi>
<marathi root="धर्मनिरपेक्ष">secular</marathi>﻿  
<marathi root="सत्तधारी">ruler</marathi>
<marathi root="महापौर">mayor</marathi>﻿  
<marathi root="शिक्षक">teacher</marathi>--
<marathi root="विविधता">diversity</marathi>﻿  
<marathi root="राम">Ram</marathi>
<marathi root="सीता">Seeta</marathi>﻿  
<marathi root="शक्तिशाली">powerful</marathi>﻿ 
<marathi root="चतुर">clever</marathi>
<marathi root="अर्जुन">Arjun</marathi>﻿  
<marathi root="बाण">arrow</marathi>
<marathi root="मार">fire</marathi>﻿   
<marathi root="भुंक">bark</marathi>
<marathi root="बाळ">baby</marathi>
<marathi root="दार">door</marathi>﻿  
<marathi root="मात">from sand</marathi>
<marathi root="सुगंध">aroma</marathi>﻿   
<marathi root="लता">Lata</marathi>
<marathi root="सुरा">nicely</marathi>
<marathi root="सरबत">drink</marathi>﻿  
<marathi root="साखर">sugar</marathi>
<marathi root="दंगेखोर">naughty</marathi>﻿   
<marathi root="करण">Karan</marathi>
<marathi root="चपळ">fast</marathi>
<marathi root="काढ">draw</marathi>﻿  
<marathi root="वेड">mad</marathi>
<marathi root="टणक">hard</marathi>﻿   
<marathi root="चिकट">sticky</marathi>
<marathi root="डिंक">gum</marathi>
<marathi root="हट्टी">stubborn</marathi>﻿  
<marathi root="नेस">wear</marathi>  
<marathi root="केतकी">Ketki</marathi>
<marathi root="पत्रकार">journalist</marathi>
<marathi root="धोनि">Dhoni</marathi>﻿  
<marathi root="संघप्रमुख">captain</marathi>
<marathi root="पान">leaf</marathi>﻿   
<marathi root="रबर">rubber</marathi>
<marathi root="ताण">stretch</marathi>
<marathi root="घाबरट">timid</marathi>
<marathi root="गुलाबजाम">gulabjam</marathi>﻿  
<marathi root="भीतीदायक">terrifying</marathi>
<marathi root="धूर्त">cunning</marathi>﻿   
<marathi root="न्यायी">just</marathi>
<marathi root="निलय">Nilay</marathi>
<marathi root="बेडूक">frog</marathi>
<marathi root="भोपळा">pumpkin</marathi>﻿  
<marathi root="पिंपळ">Peepal</marathi>
<marathi root="सावली">shade</marathi>﻿   
<marathi root="नजर">vision</marathi>
<marathi root="तीक्ष्ण">sharp</marathi>
<marathi root="सोफा">sofa</marathi>
<marathi root="मजबूत">strong</marathi>﻿  
<marathi root="सामनावीर">man of the match</marathi>
<marathi root="कोहली">Kohli</marathi>﻿   
<marathi root="फलंदाज">batsman</marathi>
<marathi root="रैना">Raina</marathi>
<marathi root="गोलंदाज">bowler</marathi>
<marathi root="बॅडमिंटन">badminton</marathi>﻿  
<marathi root="सुस्वभावी">good natured</marathi>﻿   
<marathi root="गुणवान">talented</marathi>
<marathi root="नौकाविहार">boat riding</marathi>
<marathi root="वैशिष्टय">speciality</marathi>
<marathi root="कोलकाता">Kolkata</marathi>
<marathi root="जनावर">animal</marathi>
<marathi root="सुल्तानपूरमध्ये">in Sultanpur</marathi>
<marathi root="शिमलाची">Shimla's</marathi>
<marathi root="कारंजे">fountains</marathi>
<marathi root="रोईंगचा">rowing's</marathi>
<marathi root="भ्रमण">tour</marathi>
<marathi root="देखावा">fair</marathi>
<marathi root="उत्सव">festival</marathi>
<marathi root="मांगरोल">Mangrol</marathi>
<marathi root="निवासस्थान">residence</marathi>
<marathi root="महामार्ग">highway</marathi>
<marathi root="गोमती">Gomati</marathi>
<marathi root="यमुना">Yamuna</marathi>
<marathi root="पूजा">worship</marathi>
<marathi root="जेव">eat</marathi>
<marathi root="ल्यूकरबादची">Leukarbad's</marathi>
<marathi root="खर्च">expenditure</marathi>
<marathi root="साधारण">normally</marathi>
<marathi root="रूपया">Rupee</marathi>
<marathi root="उपचार">treatment</marathi>
<marathi root="व्यवसाय">occupation</marathi>
<marathi root="पर्वतारोहणाचा">mountaineering's</marathi>
<marathi root="जैसलमेर">Jaisalmer</marathi>
<marathi root="डोस">dosa</marathi>
<marathi root="भाकर">bhakari</marathi>
<marathi root="ढोकला">dhokla</marathi>
<marathi root="प्रकार">type</marathi>
<marathi root="प्राणी">animal</marathi>
<marathi root="ट्रेकिंग">trekking</marathi>
<marathi root="सुखद">delightful</marathi>
<marathi root="जोखिमपूर्ण">dangerous</marathi>
	<marathi root="अॉस्ट्रेलियाचे">Australia's</marathi>
	<marathi root="कचर">garbage</marathi>
	<marathi root="थांब">waiting</marathi>
	<marathi root="समुद्रकिनारे">sea shores</marathi>
	<marathi root="चॉकलेट">chocolate</marathi>
	<marathi root="फुटबॉल">football</marathi>
	<marathi root="बास्केटबॉल">basketball</marathi>
	<marathi root="चित्रपट">movie</marathi>
	<marathi root="वास्तुकला">architecture</marathi>
	<marathi root="सुप्रसिद्ध">very popular</marathi>
	<marathi root="इजिप्त">Egypt</marathi>
	<marathi root="पिरामिड">pyramid</marathi>
	<marathi root="मुघल">Mughal</marathi>
	<marathi root="हूवर">Hoover</marathi>
	<marathi root="चीनची">China's</marathi>
	<marathi root="शिल्पकला">sculpture</marathi>
	<marathi root="क्रिकेट">cricket</marathi>
	<marathi root="हॉकी">hockey</marathi>
	<marathi root="ब्राझीलचे">Brazil's</marathi>
	<marathi root="दुबई">Dubai</marathi>
	<marathi root="फ्रान्स">France</marathi>
	<marathi root="स्वित्झर्लंड">Switzerland</marathi>
	<marathi root="प्रदेश">land</marathi>
	<marathi root="लोकप्रिय">popular</marathi>
	<marathi root="धरण">dam</marathi>
	<marathi root="ब्राझील">Brazil</marathi>
	<marathi root="इंग्लंडमध्ये">in England</marathi>
	<marathi root="इंग्लंड">England</marathi>
	<marathi root="इंग्रजी">English</marathi>
	<marathi root="अॉस्ट्रेलिया">Australia</marathi>
	<marathi root="अॉस्ट्रेलियामध्ये">in Australia</marathi>
	<marathi root="अॉस्ट्रेलियाचा">Australia's</marathi>
	<marathi root="शाकाहारी">vegetarian</marathi>
	<marathi root="मांसाहारी">non-vegetarian</marathi>
	<marathi root="पादत्राण">footwear</marathi>
	<marathi root="प्रतिबंधित">prohibited</marathi>
	<marathi root="छायाचित्रण">photography</marathi>
	<marathi root="थुंकणे">spitting</marathi>
	<marathi root="प्राणीसंग्रहालय">zoo</marathi>
	<marathi root="पुढ">ahead</marathi>
	<marathi root="स्नानगृह">bathroom</marathi>
	<marathi root="धोका">danger</marathi>
	<marathi root="बोगदा">tunnel</marathi>
	<marathi root="गांधीजी">Gandhiji</marathi>
	<marathi root="शहीदांचे">martyr's</marathi>
	<marathi root="राष्ट्रपती">President</marathi>
	<marathi root="नेपाळ">Nepal</marathi>
	<marathi root="कर्नाटक">Karnataka's</marathi>
	<marathi root="अलीबाग">Alibaug</marathi>
	<marathi root="हॉटेल">hotel</marathi>
	<marathi root="सर्वाधीक">most</marathi>
	<marathi root="भवन">Bhavan</marathi>
	<marathi root="सर्वाधिक">most</marathi>
	<marathi root="रशिया">Russia</marathi>
	<marathi root="भारतापेक्शा">than India</marathi>
	<marathi root="पट">times</marathi>
	<marathi root="बांगलादेश">Bangladesh</marathi>
	<marathi root="भार">India</marathi>
	<marathi root="कृषीप्रधान">agrarian</marathi>
	<marathi root="औद्योगिक">industrial</marathi>
	<marathi root="प्रांत">province</marathi>
	<marathi root="कांचनगंगा">Kanchenjunga</marathi>
	<marathi root="अन्नपूर्णा">Annapurna</marathi>
	<marathi root="नंद">Nanda</marathi>
	<marathi root="देवी">Devi</marathi>
	<marathi root="पर्वतरांगा">mountain ranges</marathi>
	<marathi root="अावडता">favorite</marathi>
	<marathi root="लडाख">Ladakh</marathi>
	<marathi root="स्मर्णिका">souvenir</marathi>
	<marathi root="अंटार्कटिका">Antarctica</marathi>
	<marathi root="विमानतळे">airports</marathi>
	<marathi root="मु़ंबईत">in Mumbai</marathi>
	<marathi root="दिल्लीत">in Delhi</marathi>
	<marathi root="कोलकातामध्ये">in Kolkata</marathi>
	<marathi root="कोलकतामध्ये">in Kolkata</marathi>
	<marathi root="समुद्रे">seas</marathi>
	<marathi root="अाशियात">in Asia</marathi>
	<marathi root="अाफ्रिकेत">in Africa</marathi>
	<marathi root="मसाला">spice</marathi>
	<marathi root="जगप्रसिद्ध">world famous</marathi>
	<marathi root="रेशीम">silk</marathi>
	<marathi root="असामचा">Assam's</marathi>
	<marathi root="दार्जिलींगचा">Darjeeling's</marathi>
	<marathi root="निलगिरीचा">Nilgiri's</marathi>
	<marathi root="म्हैसूरची">Mysore's</marathi>
	<marathi root="स्वित्झर्लंडचे">Switzerland's</marathi>
	<marathi root="कोनार्क">Konark</marathi>
	<marathi root="फ्रान्समध्ये">in France</marathi>
	<marathi root="काशमीरला">to Kashmir</marathi>
	<marathi root="महिना">month</marathi>
	<marathi root="जून">June</marathi>
	<marathi root="महाबळेश्वरला">to Mahabaleshwar</marathi>
	<marathi root="ऊटीला">to Ooty</marathi>
	<marathi root="डिसेंबर">December</marathi>
	<marathi root="साजनेखली">Sajnekhali</marathi>
	<marathi root="अभयारण्य">sanctuary</marathi>
	<marathi root="सुंदरबन">Sunderban</marathi>
	<marathi root="हरिहरेश्वर">Harihareshwar</marathi>
	<marathi root="प्रेमीजनांसाठी">lover's</marathi>
	<marathi root="शक">can</marathi>
	<marathi root="निसर्ग">nature</marathi>
	<marathi root="सुंदरबनला">at Sunderban</marathi>
	<marathi root="ऊटीमध्ये">in Ooty</marathi>
	<marathi root="ताजमहाल">Taj Mahal</marathi>
	<marathi root="अाग्र्याला">in Agra</marathi>
	<marathi root="काझीरंगामध्ये">in Kaziranga</marathi>
	<marathi root="गेंडा">rhinoceros</marathi>
	<marathi root="कान्हामध्ये">in Kanha</marathi>
	<marathi root="ताडोबामध्ये">in Tadoba</marathi>
	<marathi root="कुतुब">Qutub</marathi>
	<marathi root="मीनारची">Minar's</marathi>
	<marathi root="अायफेल">Eiffel</marathi>
	<marathi root="टॉवरची">Tower's</marathi>
	<marathi root="एव्हरेस्ट">Everest</marathi>
	<marathi root="शिखर">Summit</marathi>
	<marathi root="गंगा">Ganga</marathi>
	<marathi root="लांबी">length</marathi>
	<marathi root="नाईल">Nile</marathi>
	<marathi root="ऍमेझॉन">Amazon</marathi>
	<marathi root="दरवर्ष">every year</marathi>
	<marathi root="चीनमध्ये">in China</marathi>
	<marathi root="छोटा">small</marathi>
	<marathi root="आरु">Aru</marathi>
	<marathi root="पेरीयार">Periyaar</marathi>
	<marathi root="डॉल्फिन">Dolphin</marathi>
	<marathi root="पांडा">panda</marathi>
	<marathi root="गवत">grasslands</marathi>
	<marathi root="सोनेरी">golden</marathi>
	<marathi root="वानर">monkey</marathi>
	<marathi root="चित्ता">cheetahs</marathi>
	<marathi root="कोणते">anyone</marathi>
	<marathi root="निवड">choose</marathi>
	<marathi root="इतर">other</marathi>
	<marathi root="मंदीरे">temples</marathi>
	<marathi root="उंचवटा">height</marathi>
	<marathi root="हवनकुंड">Havankunda</marathi>
	<marathi root="देवता">God</marathi>
	<marathi root="धातू">metal</marathi>
	<marathi root="पाऊस">rain</marathi>
	<marathi root="गंगोटी">Gangoti</marathi>
	<marathi root="जलपात्र">a waterbowl</marathi>
	<marathi root="पक्का">concrete</marathi>
	<marathi root="जिना">stair</marathi>
	<marathi root="दगडी">made up of stone</marathi>
	<marathi root="लोहगड">Lohagad</marathi>
	<marathi root="सिंगापुर">Singapore</marathi>
	<marathi root="तोरणा">Torna</marathi>
	<marathi root="रायरेश्‍वर">Rayreshwar</marathi>
	<marathi root="लंडन">London</marathi>
	<marathi root="एकादश ">Ekadashi</marathi>
	<marathi root="रुद्रेश्वर">Rudreshwar</marathi>
	<marathi root="राजस्थान">Rajasthan</marathi>
	<marathi root="तामिळनाडू">Tamilnadu</marathi>
	<marathi root="मध्यप्रदेश">Madhyapradesh</marathi>
	<marathi root="उंट">camel</marathi>

	<marathi root="हैदराबाद">Hyderabad</marathi>
	<marathi root="डाळबाटी">Dalbhati</marathi>
	<marathi root="आनंदसागर">Anandsagar</marathi>
	<marathi root="सागरेश्वर">Sagareshwar</marathi>
	<marathi root="मीनाक्षी">Meenakshi</marathi>
	<marathi root="तळजाईला">to Taljai</marathi>
	<marathi root="स्मारक">memorial</marathi>
	<marathi root="विवेकानंद">Vivekanand</marathi>
	<marathi root="पुण्यामध्ये">in Pune</marathi>
	<marathi root="संभाजी">Sambhaji</marathi>
	<marathi root="केळकर">Kelkar</marathi>
	<marathi root="भरतनाट्य">Bharatnatya</marathi>
	<marathi root="कालिदास">Kalidas</marathi>
	<marathi root="कोल्हापूरमध्ये">in kolhapur</marathi>
	<marathi root="नाट्यगृह">theater</marathi>
	<marathi root="अलिबागमध्ये">in Alibag</marathi>
	<marathi root="सामोसे">samosas</marathi>
	<marathi root="मोदक">modak</marathi>
	<marathi root="पावभाजी">pavbhaji</marathi>
	<marathi root="गिरिजची">Girija's</marathi>
	<marathi root="कोकणला">in Kokan</marathi>
	<marathi root="खजुराहोमध्ये">in Khajuraho</marathi>
	<marathi root="श्रीमंत">rich</marathi>
	<marathi root="मराठी">Marathi</marathi>
	<marathi root="जरमन">German</marathi>
	<marathi root="माऊरी ">Mauri</marathi>
	<marathi root="हिंदी">Hindi</marathi>
	<marathi root="रशीयन">Russian</marathi>
	<marathi root="पंजाबी">Punjabi</marathi>
	<marathi root="तेलगू">Telgu</marathi>
	<marathi root="कुंड">basin</marathi>
	<marathi root="नर्मदा">Narmada</marathi>
	<marathi root="नैसर्गिक">natural</marathi>
	<marathi root="सोनमुड़ा">Sonmud</marathi>
	<marathi root="सूर्योदय">sunrise</marathi>
	<marathi root="पाह">see</marathi>
	<marathi root="योग्य">correct</marathi>
	<marathi root="सोनभद्राचा">Sonbhadra</marathi>
	<marathi root="लघु">small</marathi>
	<marathi root="हो">was(occured)</marathi>
	<marathi root="सोन्याची">gold's</marathi>
	<marathi root="कबीरचबूतरा">Kabir platform</marathi>
	<marathi root="ज्वालेश्‍वर">Jvyaleshwar</marathi>
	<marathi root="महादेव">Mahadev</marathi>
	<marathi root="शिवलिंग">Shivling</marathi>
	<marathi root="महायंत्र">Mahayantra</marathi>
	<marathi root="बनारस">Banaras</marathi>
	<marathi root="रेख">Rekha</marathi>
	<marathi root="टकडा">Takda</marathi>
	<marathi root="महेश्‍वरच्या">Maheshwar's</marathi>
	<marathi root="शिवपूरी">Shivpuri</marathi>
	<marathi root="सुर्य">sun</marathi>
	<marathi root="आकर्षक">attractive</marathi>
	<marathi root="पर्यटनस्थळ">tourist place</marathi>
	<marathi root="शिवपूरीमध्ये">in shivpuri</marathi>
	<marathi root="सर">lake</marathi>
	<marathi root="खजुराहो">Khajuraho</marathi>
	<marathi root="मध्यप्रदेशाचे">Madhya Pradesh's</marathi>
	<marathi root="खजूर">dates</marathi>
	<marathi root="वृक्ष">tree</marathi>
	<marathi root="अनेक">many</marathi>
	<marathi root="लक्ष्मण">Laxman</marathi>
	<marathi root="विष्णुला">to Vishnu</marathi>
	<marathi root="समर्पित">dedicated</marathi>
	<marathi root="लक्ष्मी">Lakshmi</marathi>
	<marathi root="जगदंबा">Jagdamba</marathi>
	<marathi root="चित्रगुप्‍त">Chitragupta</marathi>
	<marathi root="आदिनाथ">Adinath</marathi>
	<marathi root="आदिनाथला">to Adinath</marathi>
	<marathi root="ब्रह्मा">Brahma</marathi>
	<marathi root="बनारसमध्ये">in Banaras</marathi>
	<marathi root="श्रीनगरमध्ये">in Shrinagar</marathi>
	<marathi root="नैनीतालमध्ये">in Nainital</marathi>
	<marathi root="मणीपूरमध्ये">in Manipur</marathi>
	<marathi root="स्थाप">establish</marathi>
	<marathi root="जयपूर">Jaipur</marathi>
	<marathi root="राजस्थानमधील">Rajasthan</marathi>
	<marathi root="गरम">hot</marathi>
	<marathi root="बीकानेर">Bikaner</marathi>
	<marathi root="राजस्थानचे">Rajasthan's</marathi>
	<marathi root="विभाग">parts</marathi>
	<marathi root="जिल्हा">disrict</marathi>
	<marathi root="तालुका">taluka</marathi>
	<marathi root="एकूण">total</marathi>
	<marathi root="संख्या">count</marathi>
	<marathi root="भि"> Bhilla</marathi>
	<marathi root="स्त्री"> lady</marathi>
	<marathi root="पह">first</marathi>
	<marathi root="पायलट">pilot</marathi>
	<marathi root="नम्रता">Namrata</marathi>
	<marathi root="भट्‍ट">Bhatt</marathi>
	<marathi root="भरतपूर">Bharatpur</marathi>
	<marathi root="सांचौर">saunchor</marathi>
	<marathi root="कसब"> colony</marathi>
	<marathi root="रामदेवाच्या">Ramdev's</marathi>
	<marathi root="जत्रा">fare</marathi>
	<marathi root="पुरुष">men</marathi>
	<marathi root="हजारों">thousands of</marathi>
	<marathi root="भर">fills</marathi>
	<marathi root="वणीचीदेवी">Vani's goddess</marathi>
	<marathi root="बालीका">baby girl</marathi>
	<marathi root="पिल्लू">young one</marathi>
	<marathi root="वन">forest</marathi>
	<marathi root="परीराणी">fairy</marathi>
	<marathi root="राजगड">Rajgad</marathi>
	<marathi root="किनारा">shore</marathi>
	<marathi root="केरळला">at Kerala</marathi>
	<marathi root="गोव्याचे">Goa's</marathi>
	<marathi root="आसामचा">Assam's</marathi>
	<marathi root="बालाजीचं">Balaji's</marathi>
	<marathi root="चंदनवाडी">Chandanwadi</marathi>
	<marathi root="गोल्डनटेंपल">Golden temple</marathi>
	<marathi root="वाराणसी">Varanasi</marathi>
	<marathi root="कोलंबस">Columbus</marathi>
	<marathi root="दाललेक">Dal lake</marathi>
	<marathi root="भितीदायक">scary</marathi>
	<marathi root="आसामचा">Assam's</marathi>
	<marathi root="न्यूझीलँडला">New Zealand</marathi>
	<marathi root="न्यूझीलँड">New Zealand</marathi>
	<marathi root="रामेश्वरमला">at Rameshwaram</marathi>
	<marathi root="श्रीनगर">Srinagar</marathi>
	<marathi root="संगीत">music</marathi>
	<marathi root="लेणे">cave</marathi>
	<marathi root="वाडा">castle</marathi>
	<marathi root="अमेरिकेतून">from America</marathi>
	<marathi root="ऑकलॅंडवरुन">from Auckland</marathi>
	<marathi root="लहान">small</marathi>
	<marathi root="मोठी">big</marathi>
	<marathi root="लाव">plant</marathi>
	<marathi root="औरंगाबादला">Aurangabad</marathi>
	<marathi root="प्राचीन">ancient</marathi>
	<marathi root="पेशवाईची">Peshwai's</marathi>
	<marathi root="परंपरा">heritage</marathi>
	<marathi root="सहल">trip</marathi>
	<marathi root="ने">take</marathi>
	<marathi root="उन्हाळी">summer</marathi>
	<marathi root="तेथ">there</marathi>
	<marathi root="इंग्लीश">English</marathi>
	<marathi root="बोल">speak</marathi>
	<marathi root="व्हिसा">visa</marathi>
	<marathi root="सहज">easily</marathi>
	<marathi root="थेट">direct</marathi>
	<marathi root="सोने">gold</marathi>
	<marathi root="उत्तम">nice</marathi>
	<marathi root="व्यापारी">business</marathi>
	<marathi root="बंदर">port</marathi>
	<marathi root="झाड">tree</marathi>
	<marathi root="गरीब">poor</marathi>
	<marathi root="स्वच्छता">clean</marathi>
	<marathi root="प्रेम">love</marathi>
	<marathi root="अतिशय">very</marathi>
	<marathi root="उर">left</marathi>
	<marathi root="झुंड">group or bulk</marathi>
	<marathi root="आधुनिक">modern</marathi>
	<marathi root="पुतळा">statue</marathi>
	<marathi root="महासागर">ocean</marathi>
	<marathi root="बेट">island</marathi>
	<marathi root="बुंधा">tree trunk</marathi>
	<marathi root="मास">fish</marathi>
	<marathi root="ईमारत">building</marathi>
	<marathi root="कार">car</marathi>
	<marathi root="दुकान">shop</marathi>
	<marathi root="वॉशिंग्टन">Washington</marathi>
	<marathi root="गांधीनगर">Gandhinagar</marathi>
	<marathi root="चंदीगड">Chandigarh</marathi>
	<marathi root="पन्जाबची">Punjab's</marathi>
	<marathi root="जम्मू">Jammu</marathi>
	<marathi root="रानडुक्कर">wild boar</marathi>
	<marathi root="हरिण">deer</marathi>
	<marathi root="श्रीलंकेला">Sri Lanka</marathi>
	<marathi root="नागपूर">Nagpur</marathi>
	<marathi root="मोहक">captivating</marathi>
	<marathi root="पर्वतीला">to Parvati</marathi>
	<marathi root="ऋतुंच">seasons'</marathi>
	<marathi root="माळ">chain</marathi>
	<marathi root="समूह">cluster</marathi>
	<marathi root="पुणे">Pune</marathi>
	<marathi root="कन्याकुमारी">Kanyakumari</marathi>
	<marathi root="हरिद्वार">Haridvar</marathi>
	<marathi root="साल">year</marathi>
	<marathi root="युद्ध">war</marathi>
	<marathi root="रुंद">wide</marathi>
	<marathi root="फूट">foot</marathi>
	<marathi root="या">this</marathi>
	<marathi root="भक्त">devotee</marathi>
	<marathi root="अाहेत">has</marathi>
	<marathi root="चढायलो">climbed</marathi>
	<marathi root="सिंहगडाला">Sinhagad</marathi>
	<marathi root="पायरी">stair</marathi>
	<marathi root="संग्रहालय">museum</marathi>
	<marathi root="शिमलाहून">from Shimla</marathi>
	<marathi root="शिमला">Shimla</marathi>
	<marathi root="किलोमीटर">kilometer</marathi>
	<marathi root="अंतर">distance</marathi>
	<marathi root="अाहे">is</marathi>
	<marathi root="दिव्य">divine</marathi>
	<marathi root="अनुभव">experience</marathi>
	<marathi root="पाऊल">step</marathi>
	<marathi root="संगम">confluence</marathi>
	<marathi root="कांस्य">copper</marathi>
	<marathi root="नाणे">coin</marathi>
	<marathi root="जीवन">life</marathi>
	<marathi root="प्रमुख">major</marathi>
	<marathi root="प्रसंग">incident</marathi>
	<marathi root="अंदाजे">about</marathi>
	<marathi root="गुलमर्ग">Gulmarg</marathi>
	<marathi root="शहरापासुन">from city</marathi>
	<marathi root="वय">age</marathi>
	<marathi root="मुख्य">chief</marathi>
	<marathi root="गोव्यात">in Goa</marathi>
	<marathi root="ऑगस्टीनियन्स">Augustinians</marathi>
	<marathi root="भगवती">Bhagwati</marathi>
	<marathi root="दिल्लीहून">from Delhi</marathi>
	<marathi root="चंदीगढ">Chandigarh</marathi>
	<marathi root="किमी">km</marathi>
	<marathi root="मसूरी">Mussoorie</marathi>
	<marathi root="डेहराडूनपासून">from Dehradun</marathi>
	<marathi root="ऊटी">Ooty</marathi>
	<marathi root="समुद्रसपाटी">sea level</marathi>
	<marathi root="ग्रह">planet</marathi>
	<marathi root="जेवण">food</marathi>
	<marathi root="जूनमध्ये">In June</marathi>
	<marathi root="तेजस्वी">bright</marathi>
	<marathi root="मेमध्ये">In May</marathi>
	<marathi root="हिमालयात">to Himalaya</marathi>
	<marathi root="किनार">coastline</marathi>
	<marathi root="गुजरात">Gujarat</marathi>
	<marathi root="राजस्थानी">Rajasthan's</marathi>
	<marathi root="पोशाख">clothes</marathi>
	<marathi root="हैदराबादला">in Hyderabad</marathi>
	<marathi root="केसरी">Kesari</marathi>
	<marathi root="सोय">arrangement</marathi>
	<marathi root="कृष्ण">Krishna</marathi>
	<marathi root="कशीला">In Kashi</marathi>
	<marathi root="जम">gather</marathi>
	<marathi root="नाशिकजवळ">near to Nashik</marathi>
	<marathi root="इडली">Idli</marathi>
	<marathi root="तिथले">their</marathi>
	<marathi root="वेफर्स">wafers</marathi>
	<marathi root="खप">sold</marathi>
	<marathi root="कलात्मक">artistic</marathi>
	<marathi root="तिकड">there</marathi> 
	<marathi root="पाउस">rain</marathi> 
	<marathi root="दूर">far</marathi> 
	<marathi root="नाही">not</marathi>
	<marathi root="राजस्थानमध्ये">in Rajasthan</marathi>
	<marathi root="उन्हाळा">hot</marathi>
	<marathi root="औरंगाबादचा">Aurangabad's</marathi>
	<marathi root="थंड">cold</marathi>
	<marathi root="आज">today</marathi>
	<marathi root="ऊन">hot</marathi>
	<marathi root="वाट">feel</marathi>
	<marathi root="धबधबा">waterfall</marathi>
	<marathi root="दिल्लीला">In Delhi</marathi>
	<marathi root="नवा">new</marathi>
	<marathi root="वाचनालय़">library</marathi>
	<marathi root="सुरू">start</marathi>
	<marathi root="धर्मशाळा">caravansary</marathi>
	<marathi root="सोहना">Sohna</marathi>
	<marathi root="संस्कृती">culture</marathi>
	<marathi root="हजारो">thousands of</marathi>
	<marathi root="मोहित">enamour</marathi>
	<marathi root="जुना">old</marathi>
	<marathi root="शालीमार">Shalimar</marathi>
	<marathi root="उद्यान">park</marathi>
	<marathi root="संगीतमय">musical</marathi>
	<marathi root="तिथ">there</marathi>
	<marathi root="चालव">walk</marathi>
	<marathi root="लाग">need</marathi>
	<marathi root="पि">drink</marathi>
	<marathi root="हा">this</marathi>
	<marathi root="पाणी">water</marathi>
	<marathi root="लोणावळ्याला">to Lonavla</marathi>
	<marathi root="चिक्की">Chikki</marathi>
	<marathi root="मिळ">get</marathi>
	<marathi root="त्रिपुरा">Tripura</marathi>
	<marathi root="चाल">walk</marathi>
	<marathi root="पुण्य">Pune</marathi>
	<marathi root="वाढ">grow</marathi>
	<marathi root="हरिहरेश्‍वरचा">Harihareshwar's</marathi>
	<marathi root="धोकादायक">dangerous</marathi>
	<marathi root="हेदवीचा">Hedvi's</marathi>
	<marathi root="गणपती">Ganpati</marathi>
	<marathi root="सिंहगड">Sinhagad</marathi>
	<marathi root="जंजिरा">Janjira</marathi>
	<marathi root="अभेद्य">impenetrable</marathi>
	<marathi root="दुर्ग">fort</marathi>
	<marathi root="अस">is</marathi>
	<marathi root="काशीची">Kashi's</marathi>
	<marathi root="साडी">saree</marathi>
	<marathi root="सुरेख">fine</marathi>
	<marathi root="रोज">daily</marathi>
	<marathi root="पर्वतीवर">on Parvati</marathi>
	<marathi root="संध्याकाळ">evening</marathi>
	<marathi root="सारसबाग">Sarasbaug</marathi>
	<marathi root="आग्रा">Agra</marathi>
	<marathi root="पेठ">Petha</marathi>
	<marathi root="चविष्ट">tasty</marathi>
	<marathi root="फजीती">fool</marathi>
	<marathi root="हिमालय">Himalaya</marathi>
	<marathi root="उंच">tall</marathi>
	<marathi root="गोदा">Goda</marathi>
	<marathi root="नाशिकमध्ये">in Nashik</marathi>
	<marathi root="पाव">gets</marathi>
	<marathi root="नागमोडी">wavy</marathi>
	<marathi root="हिर्वगार">green</marathi>
	<marathi root="कोकण">Konkan</marathi>
	<marathi root="गुहागर">Guhagar</marathi>
	<marathi root="आमचे">our</marathi>
	<marathi root="गाव">village</marathi>
	<marathi root="नागपूरला">to Nagpur</marathi>
	<marathi root="संत्री">oranges</marathi>
	<marathi root="दरी">valley</marathi>
	<marathi root="खोल">deep</marathi>
	<marathi root="वार">wind</marathi>
	<marathi root="मुंबई">Mumbai</marathi>
	<marathi root="लोहगडावर">On Lohagad</marathi>
	<marathi root="पावसाळा">rainy season</marathi>
	<marathi root="आगगाडी">train</marathi>
	<marathi root="सुसाट">fast</marathi>
	<marathi root="धाव">run</marathi>
	<marathi root="डोंगर">mountain</marathi>
	<marathi root="कठीण">difficult</marathi>
	<marathi root="विक">sold</marathi>
	<marathi root="काजू">cashew</marathi>
	<marathi root="चहा">tea</marathi>
	<marathi root="मळ">garden</marathi>
	<marathi root="उत्तारखंडमध्ये">in Uttarakhanda</marathi>
	<marathi root="बंद">close</marathi>
	<marathi root="उशिर">late</marathi>
	<marathi root="काश्मीरला">to Kashmir</marathi>
	<marathi root="महाराष्ट्रामध्ये">in Maharashtra</marathi>
	<marathi root="महाराष्टृमध्ये">in Maharashtra</marathi>
	<marathi root="महाराष्ट्">in Maharashtra</marathi>
	<marathi root="महान">great</marathi>
	<marathi root="पवित्रा">holy</marathi>
	<marathi root="महाराष्ट्र">Maharashtra</marathi>
	<marathi root="पवित्र">holy</marathi>
	<marathi root="मानस्तंभ">Manstambh</marathi>
	<marathi root="म्हट">called</marathi>
	<marathi root="एक">one</marathi>
	<marathi root="मल">I</marathi>
	<marathi root="आढळ">found</marathi>
	<marathi root="जाते">is</marathi>
	<marathi root="क्षितिजाचे">horizon's</marathi>
	<marathi root="नीळा">blue</marathi>
	<marathi root="कोहलेन">Kohalane</marathi>
	<marathi root="समुद्रकिनारा">coastline</marathi>
	<marathi root="लांब">long</marathi>
	<marathi root="रंग">color</marathi>
	<marathi root="शिमल्याला">Shimla's</marathi>
	<marathi root="थंडा">cold</marathi>
	<marathi root="पड">fall</marathi>
	<marathi root="रोतांगला">at Rotang</marathi>
	<marathi root="बर्फ">snow</marathi>
	<marathi root="कोलकतामधे">in Kolkata</marathi>
	<marathi root="पूल">bridge</marathi>
	<marathi root="स्वाभाविक">obvious</marathi>
	<marathi root="कुतूहल">curiosity</marathi>
	<marathi root="दृष्या">view</marathi>
	<marathi root="दृष्य">view</marathi>
	<marathi root="ङोंगर">montain</marathi>
	<marathi root="चुंबन">kiss</marathi>
	<marathi root="पोहच">reach</marathi>
	<marathi root="मोटर">motor</marathi>
	<marathi root="बोट">boat</marathi>
	<marathi root="हिरवळ">green</marathi>
	<marathi root="अरबी">Arabic</marathi>
	<marathi root="बहर">Baharain</marathi>
	<marathi root="जबलचा">Jabal's</marathi>
	<marathi root="पन्ना"></marathi>
	<marathi root="जवळपास">around</marathi>
	<marathi root="देश">country</marathi>
	<marathi root="खंड">continent</marathi>
	<marathi root="युरोप">Europe</marathi>
	<marathi root="६">6</marathi>
	<marathi root="पसर">spread</marathi>
	<marathi root="लोकसंख्या">population</marathi>
	<marathi root="बाहरीनची">Bahrain's</marathi>
	<marathi root="लाख">lakh</marathi>
	<marathi root="लव्हासाला">Lavasa</marathi>
	<marathi root="हवा">wind</marathi>
	<marathi root="अर्थ">meaning</marathi>
	<marathi root="उपयोग">use</marathi>
	<marathi root="हॉवरह">Howrah</marathi>
	<marathi root="विमानतळ">airport</marathi>
	<marathi root="उतर">land</marathi>
	<marathi root="आकाश">sky</marathi>
	<marathi root="बँकॉकमध्ये">in Bangkok</marathi>
	<marathi root="बँकॉक">Bangkok</marathi>
	<marathi root="खरेदी">shopping</marathi>
	<marathi root="मॉल">mall</marathi>
	<marathi root="थायलंड">Thailand</marathi>
	<marathi root="संपूर्ण">complete</marathi>
	<marathi root="मालीशसाठी">for massage</marathi>
	<marathi root="मालीश">massage</marathi>
	<marathi root="कल"></marathi>
	<marathi root="अमेरिका">America</marathi>
	<marathi root="राज्य">state</marathi>
	<marathi root="समुद्रकिनार्‍यावर">on seashore</marathi>
	<marathi root="दिवशी">day</marathi>
	<marathi root="मानामाला">to Manala</marathi>
	<marathi root="किरणे">rays</marathi>
	<marathi root="सर्वत्र">everywhere</marathi>
	<marathi root="दमस्कसमध्ये">in Damaska</marathi>
	<marathi root="दुसरा">second</marathi>
	<marathi root="सुशी">Sushi</marathi>
	<marathi root="खान">eat</marathi>
	<marathi root="पदार्थ">dish</marathi>
	<marathi root="जप">Japanese</marathi>
	<marathi root="तुकारामांना">for Tukaram </marathi>
	<marathi root="संत">saint</marathi>
	<marathi root="विमान">plane</marathi>
	<marathi root="काशी">Kashi</marathi>
	<marathi root="पवित्रा ">pure</marathi>
	<marathi root="स्थान">place</marathi>
	<marathi root="बुद्ध">Buddha</marathi>
	<marathi root="प्रतिमा">idol</marathi>
	<marathi root="मीटर">meter</marathi>
	<marathi root="३">three</marathi>
	<marathi root="बालक">child</marathi>
	<marathi root="अचानक">suddenly</marathi>
	<marathi root="प्रकट">appear</marathi>
	<marathi root="भाषा">language</marathi>
	<marathi root="बँगकॉकला">to Bangkok</marathi>
	<marathi root="थाई">Thai</marathi>
	<marathi root="भारत">India</marathi>
	<marathi root="दिल्ली">Delhi</marathi>
	<marathi root="गीर">Gir</marathi>
	<marathi root="राजधानी">capital</marathi>
	<marathi root="मन">Manali</marathi>
	<marathi root="मान">Manali</marathi>
	<marathi root="पर्वत">mountain</marathi>
	<marathi root="उंची">tall(height)</marathi>
	<marathi root="कैलाश`">Kailash</marathi>
	<marathi root="ताज">Taj</marathi>
	<marathi root="सतरावा">seventeenth</marathi>
	<marathi root="शतक">century</marathi>
	<marathi root="लोक">people</marathi>
	<marathi root="वाळवंट">desert</marathi>
	<marathi root="नीलकंतेश्वराचे">Neelkanteshwar</marathi>
	<marathi root="राजस्थानला">to Rajasthan</marathi>
	<marathi root="बघ">see</marathi>
	<marathi root="बांध">build</marathi>
	<marathi root="महाल">palace</marathi>
	<marathi root="येथ">here</marathi>
	<marathi root="तलाव">pond</marathi>
	<marathi root="महाबळेश्वर">Mahabaleshwar</marathi>
	<marathi root="प्रसिद्ध">popular</marathi>
	<marathi root="महाराष्ट्">Maharashtra</marathi>
	<marathi root="महाराष्ट्रा">Maharashtra</marathi>
	<marathi root="महाराष्ट्">Maharashtra</marathi>
	<marathi root="बेसबॉल">Baseball</marathi>
	<marathi root="एकत्र">together</marathi>
	<marathi root="किनारपट्टी">coastline</marathi>
	<marathi root="अप्रतिम">awesome</marathi>
	<marathi root="तीन">three</marathi>
	<marathi root="कन्याकुमारीला">at Kanniyakumari</marathi>
	<marathi root="समुद्र">sea</marathi>
	<marathi root="आमेरिकेचा">America's</marathi>
	<marathi root="राष्ट्रीय">national</marathi>
	<marathi root="जग">world</marathi>
	<marathi root="आश्चर्य">attraction</marathi>
	<marathi root="सात">seven</marathi>
	<marathi root="छंद">hobby</marathi>
	<marathi root="चांगला">nice</marathi>
	<marathi root="पृथ्वी">earth</marathi>
	<marathi root="काश्मीर">Kashmir</marathi>
	<marathi root="पर्यटन">tourism</marathi>
	<marathi root="स्थळ">place</marathi>
	<marathi root="राधेची">Radhe's</marathi>
	<marathi root="मूर्ती">idol</marathi>
	<marathi root="नंतर">later</marathi>
	<marathi root="बनव">make</marathi>
	<marathi root="रांची">Ranchi</marathi>
	<marathi root="तू">you</marathi>
	<marathi root="जवळ">nearby</marathi>
	<marathi root="मंदिर">temple</marathi>
	<marathi root="आपण">We</marathi>
	<marathi root="सगळा">all</marathi>
	<marathi root="सुट्टी">holiday</marathi>
	<marathi root="गा">sing</marathi>
	<marathi root="होता">was</marathi>
	<marathi root="शांतता">silent</marathi>
	<marathi root="आंब">mango</marathi>
	<marathi root="बाटली">bottle</marathi>
	<marathi root="खा">eat</marathi>
	<marathi root="फेक">throw</marathi>
	<marathi root="पूर्ण">full</marathi>
	<marathi root="शांत">quiet</marathi>
	<marathi root="शाळा">school</marathi>
	<marathi root="वाह">flow</marathi>
	<marathi root="दर्शन">darshan</marathi>
	<marathi root="मोक्ष">salvation</marathi>
	<marathi root="सर्व">all</marathi>
	<marathi root="मूल">child</marathi>
	<marathi root="सातपुरींच्या">Satpuri's</marathi>
	<marathi root="घर">home</marathi>
	<marathi root="मी">I</marathi>
	<marathi root="माझ">My</marathi>
	<marathi root="नाव">name</marathi>
	<marathi root="अपूर्वा">Apurva</marathi>
	<marathi root="आहे">is</marathi>
	<marathi root="सुवर्ण">Suvarna</marathi>
	<marathi root="बाग">garden</marathi>
	<marathi root="माहिती">information</marathi>
	<marathi root="होते">is</marathi>
	<marathi root="आदेश">Adesh</marathi>
	<marathi root="निखील">Nikhil</marathi>
	<marathi root="चैत्राली">Chaitrali</marathi>
	<marathi root="ऐश्वर्य">Aishwarya</marathi>
	<marathi root="प्रांजळ">Pranjal</marathi>
	<marathi root="फूल">flower</marathi>
	<marathi root="फुल">flower</marathi>
	<marathi root="आवड">like</marathi>
	<marathi root="शहर">city</marathi>
	<marathi root="कामाख्या">Kamakhya</marathi>
	<marathi root="महाविद्यालय">college</marathi>
	<marathi root="कष्ट">hardwork</marathi>
	<marathi root="बटाटा">potato</marathi>
	<marathi root="सोल">peel</marathi>
	<marathi root="महाग">costly</marathi>
	<marathi root="पेन">pen</marathi>
	<marathi root="ज्ञान">knowledge</marathi>
	<marathi root="होती">was</marathi>
	<marathi root="खेळ">play</marathi>
	<marathi root="चंद्र">moon</marathi>
	<marathi root="चमक">shine</marathi>
	<marathi root="चित्र">picture</marathi>
	<marathi root="श्वास">breath</marathi>
	<marathi root="सगळे">all</marathi>
	<marathi root="आम्ही">we</marathi>
	<marathi root="हे">this</marathi>
	<marathi root="केरळ">Kerala</marathi>
	<marathi root="मल्याळम">Malayalam</marathi>
	<marathi root="सीमा">Seema</marathi>
	<marathi root="चिरणे">cut</marathi>
	<marathi root="त्याचे">his</marathi>
	<marathi root="तिचे">her</marathi>
	<marathi root="बोट">finger</marathi>
	<marathi root="आजोबा">grandfather</marathi>
	<marathi root="सांगणे">told</marathi>
	<marathi root="गमतीशीर">funny</marathi>
	<marathi root="गोष्टा">story</marathi>
	<marathi root="नियमीत">regular</marathi>
	<marathi root="धुने">wash</marathi>
	<marathi root="हात">hand</marathi>
	<marathi root="चेहरा">face</marathi>
	<marathi root="पाय">leg</marathi>
	<marathi root="खाणे">eat</marathi>
	<marathi root="भात">rice</marathi>
	<marathi root="बातमी">news</marathi>
	<marathi root="मोठा">big</marathi>
	<marathi root="खूप">very</marathi>
	<marathi root="सगळे">everyone</marathi>
	<marathi root="झोप">sleep</marathi>
	<marathi root="कुरकुरीत">crisp</marathi>
	<marathi root="संघ">team</marathi>
	<marathi root="आई">mother</marathi>
	<marathi root="सुंदर">beautiful</marathi>
	<marathi root="दिस">look</marathi>
	<marathi root="बाबा">father</marathi>
	<marathi root="भाऊ">brother</marathi>
	<marathi root="बहीण">sister</marathi>
	<marathi root="आजी">grandmother</marathi>
	<marathi root="तो">he</marathi>
	<marathi root="फेकणे">throw</marathi>
	<marathi root="दगड">stone</marathi>
	<marathi root="ते">they</marathi>
	<marathi root="झेलणे">catch</marathi>
	<marathi root="चोर">thief</marathi>
	<marathi root="पक्षी">bird</marathi>
	<marathi root="फळ">fruit</marathi>
	<marathi root="मुलगा">boy</marathi>
	<marathi root="वाच">read</marathi>
	<marathi root="पुस्तक">book</marathi>
	<marathi root="मुलगी">girl</marathi>
	<marathi root="मुली">girl</marathi>
	<marathi root="बाई">woman</marathi>
	<marathi root="माणूस">man</marathi>
	<marathi root="देव">god</marathi>
	<marathi root="मांजर">cat</marathi>
	<marathi root="माकड">monkey</marathi>
	<marathi root="पोपट">parrot</marathi>
	<marathi root="कुत्रा">dog</marathi>
	<marathi root="कर">do</marathi>
	<marathi root="डुककर">pig</marathi>
	<marathi root="पर्यटक">tourist</marathi>
	<marathi root="मोर">peacock</marathi>
	<marathi root="पत्र">letter</marathi>
	<marathi root="वर्तमानपत्र">newspaper</marathi>
	<marathi root="मोजा">sock</marathi>
	<marathi root="गादी">bed</marathi>
	<marathi root="अभ्यास">study</marathi>
	<marathi root="सकाळ">morning</marathi>
	<marathi root="रात्र">night</marathi>
	<marathi root="सायंकळ">evening</marathi>
	<marathi root="मध्यरात्र">midnight</marathi>
	<marathi root="कपडे">cloths</marathi>
	<marathi root="लांडगा">wolf</marathi>
	<marathi root="पत्नी">wife</marathi>
	<marathi root="दुपार">afternoon</marathi>
	<marathi root="गाणे">song</marathi>
	<marathi root="सुरी">knife</marathi>
	<marathi root="आवाज">voice</marathi>
	<marathi root="धडा">lesson</marathi>
	<marathi root="सत्य">truth</marathi>
	<marathi root="कीनरा">shore</marathi>
	<marathi root="पाठवणे">send</marathi>
	<marathi root="खड्डा">pit</marathi>
	<marathi root="सेवक">servant</marathi>
	<marathi root="मारणे">beat</marathi>
	<marathi root="घरटे">nest</marathi>
	<marathi root="विहीर">well</marathi>
	<marathi root="दरवाजा">door</marathi>
	<marathi root="भिंत">wall</marathi>
	<marathi root="रस्ता">road</marathi>
	<marathi root="मार्ग">way</marathi>
	<marathi root="गाय">cow</marathi>
	<marathi root="लिह">write</marathi>
	<marathi root="नसणे ">absence</marathi>
	<marathi root="जोपर्यंत">while</marathi>
	<marathi root="जलद">fast</marathi>
	<marathi root="कर्तव्य">duty</marathi>
	<marathi root="शिकाणे ">learn</marathi>
	<marathi root="बस">bus</marathi>
	<marathi root="रड">cry</marathi>
	<marathi root="हस">laugh</marathi>
	<marathi root="रागव">angry</marathi>
	<marathi root="प्रवास">travel</marathi>
	<marathi root="फिर">travel</marathi>
	<marathi root="समर्थ">able</marathi>
	<marathi root="मदत">help</marathi>
	<marathi root="भूत ">ghost</marathi>
	<marathi root="शक्य">possible</marathi>
	<marathi root="अशक्य">impossible</marathi>
	<marathi root="सुचविणे">suggest</marathi>
	<marathi root="मर">die</marathi>
	<marathi root="काळजी">protect</marathi>
	<marathi root="पुरविणे">supply</marathi>
	<marathi root="मिठाई">sweets</marathi>
	<marathi root="मिळविणे">obtain</marathi>
	<marathi root="विचार">ask</marathi>
	<marathi root="वर्ष">year</marathi>
	<marathi root="आनंद">pleasure</marathi>
	<marathi root="प्रयत्न">try</marathi>
	<marathi root="धंदा">occupation</marathi>
	<marathi root="अशक्त">weak</marathi>
	<marathi root="आशा">hope</marathi>
	<marathi root="सामान">goods</marathi>
	<marathi root="श्रम">labour</marathi>
	<marathi root="भाग">portion</marathi>
	<marathi root="निकाल">result</marathi>
	<marathi root="नदी">river</marathi>
	<marathi root="आजारी">ill</marathi>
	<marathi root="व्यायाम">exercise</marathi>
	<marathi root="वाघ">tiger</marathi>
	<marathi root="सिंह">lion</marathi>
	<marathi root="घोडा">horse</marathi>
	<marathi root="मगर">crocodile</marathi>
	<marathi root="ससा">rabbit</marathi>
	<marathi root="कासव">tortoise</marathi>
	<marathi root="हत्ती">elephant</marathi>
	<marathi root="स्वर्ग">heaven</marathi>
	<marathi root="संत्र">orange</marathi>
	<marathi root="जंगल">forest</marathi>
	<marathi root="पैसा">money</marathi>
	<marathi root="हरव">lost</marathi>
	<marathi root="साइकल">bicycle</marathi>
	<marathi root="सायकल">bicycle</marathi>
	<marathi root="पतंग">kite</marathi>
	<marathi root="सूर्य">sun</marathi>
	<marathi root="गुलाब">rose</marathi>
	<marathi root="सफरचंद">apple</marathi>
	<marathi root="जा">go</marathi>
	<marathi root="सण">festival</marathi>
	<marathi root="ये">come</marathi>
	<marathi root="पळ">run</marathi>
	<marathi root="धुणे">wash</marathi>
	<marathi root="हुशार">brilliant</marathi>
	<marathi root="स्वच्छ">clean</marathi>
	<marathi root="सांग">tell</marathi>
	<marathi root="बोलणे">speak</marathi>
	<marathi root="दे">give</marathi>
	<marathi root="गाणे">sing</marathi>
	<marathi root="नाच">dance</marathi>
	<marathi root="आळशी">lazy</marathi>
	<marathi root="उदार">liberal</marathi>
	<marathi root="अंगठा">thumb</marathi>
	<marathi root="अंगठी">ring</marathi>
	<marathi root="अंध">blind</marathi>
	<marathi root="आंबट">sour</marathi>
	<marathi root="उत्तर">answer</marathi>
	<marathi root="ईतिहास">history</marathi>
	<marathi root="उगम">rise</marathi>
	<marathi root="शक्ति">power</marathi>
	<marathi root="उजवा">right</marathi>
	<marathi root="कला">art</marathi>
	<marathi root="कर्तव्य">duty</marathi>
	<marathi root="कमी">less</marathi>
	<marathi root="कमान">arch</marathi>
	<marathi root="कच्चा">raw</marathi>
	<marathi root="कचरा">dirt</marathi>
	<marathi root="औषध">medicine</marathi>
	<marathi root="कर्ज">loan</marathi>
	<marathi root="कडक">hard</marathi>
	<marathi root="कंबर">waist</marathi>
	<marathi root="कळस">top</marathi>
	<marathi root="कोळीनृत्य">Koli dance</marathi>
	<marathi root="मजा">fun</marathi>
	<marathi root="काम">work</marathi>
	<marathi root="काटा">thorn</marathi>
	<marathi root="कागद">paper</marathi>
	<marathi root="कान">ear</marathi>
	<marathi root="काकडी">cucumber</marathi>
	<marathi root="काढणे">draw</marathi>
	<marathi root="काच">glass</marathi>
	<marathi root="कासव">tortoise</marathi>
	<marathi root="किराणा">grocery</marathi>
	<marathi root="किलबिल">chatter</marathi>
	<marathi root="केस">hair</marathi>
	<marathi root="झोपडी">hut</marathi>
	<marathi root="कुठून">from where</marathi>
	<marathi root="कुठे">where</marathi>
	<marathi root="किल्ला">fort</marathi>
	<marathi root="गायक">singer</marathi>
	<marathi root="टेबल">table</marathi>
	<marathi root="घरामध्ये">in house</marathi>
	<marathi root="गहू">wheat</marathi>
	<marathi root="गरज">need</marathi>
	<marathi root="गर्दी">crowd</marathi>
	<marathi root="मित्र">friend</marathi>
	<marathi root="राह">live</marathi>
	<marathi root="खुर्ची">chair</marathi>
	<marathi root="चौकोन">square</marathi>
	<marathi root="आयात">rectangle</marathi>
	<marathi root="गोल">circle(round)</marathi>
	<marathi root="घाण">dirt</marathi>
	<marathi root="घाम">sweat</marathi>
	<marathi root="गाडी">car</marathi>
	<marathi root="गट">group</marathi>
	<marathi root="गंभीर">serious</marathi>
	<marathi root="गार">cold</marathi>
	<marathi root="गुहा">cave</marathi>
	<marathi root="गुरू">teacher</marathi>
	<marathi root="गोरा">fair</marathi>
	<marathi root="ग्राहक">customer</marathi>
	<marathi root="ग्रंथालय">library</marathi>
	<marathi root="घडणे">happen</marathi>
	<marathi root="जन्म">birth</marathi>
	<marathi root="जबाबदार">responsible</marathi>
	<marathi root="घुबड">owl</marathi>
	<marathi root="घसा">throat</marathi>
	<marathi root="घे">take</marathi>
	<marathi root="चक्र">wheel</marathi>
	<marathi root="चढ">climb</marathi>
	<marathi root="चमचा">spoon</marathi>
	<marathi root="चेंडू">ball</marathi>
	<marathi root="चरणे">eat</marathi>
	<marathi root="चालू">present</marathi>
	<marathi root="चांदणे">moonlight</marathi>
	<marathi root="पांढरा">white</marathi>
	<marathi root="जांभळा">violet</marathi>
	<marathi root="लाल">red</marathi>
	<marathi root="पिवळा">yellow</marathi>
	<marathi root="काळा">black</marathi>
	<marathi root="गुलाबी">pink</marathi>
	<marathi root="हिरवा">green</marathi>
	<marathi root="निळा">blue</marathi>
	<marathi root="केशरी">orange</marathi>
	<marathi root="केशर">orange</marathi>
	<marathi root="जोर">force</marathi>
	<marathi root="जोडी">pair</marathi>
	<marathi root="जिंक">win</marathi>
	<marathi root="डबा">tiffin</marathi>
	<marathi root="ठिकाण">place</marathi>
	<marathi root="ठसा">stamp</marathi>
	<marathi root="टोपी">hat</marathi>
	<marathi root="टाळणे">avoid</marathi>
	<marathi root="टपाल">postoffice</marathi>
	<marathi root="झुंज">fight</marathi>
	<marathi root="बाहेर">outside</marathi>
	<marathi root="तोंड">mouth</marathi>
	<marathi root="डोळे">eye</marathi>
	<marathi root="ओठ">lips</marathi>
	<marathi root="डोक">head</marathi>
	<marathi root="ढग">cloud</marathi>
	<marathi root="ढकलणे">push</marathi>
	<marathi root="टाळणे">avoid</marathi>
	<marathi root="टपाल">postoffice</marathi>
	<marathi root="झुंज">fight</marathi>
	<marathi root="झोपळू">sleepy</marathi>
	<marathi root="टाकणे">throw</marathi>
	<marathi root="टोळी">gang</marathi>
	<marathi root="टोमॅटो">tomato</marathi>
	<marathi root="तिकीट">ticket</marathi>
	<marathi root="तणाव">tension</marathi>
	<marathi root="तडा">crack</marathi>
	<marathi root="तत्व">principle</marathi>
	<marathi root="ताक">buttermilk</marathi>
	<marathi root="ताकद">strength</marathi>
	<marathi root="तात्पर्य">moral</marathi>
	<marathi root="ताप">fever</marathi>
	<marathi root="तार">wire</marathi>
	<marathi root="ताल">rhythm</marathi>
	<marathi root="तालुका">district</marathi>
	<marathi root="ती">she</marathi>
	<marathi root="तेल">oil</marathi>
	<marathi root="तेज">light</marathi>
	<marathi root="तृण">grass</marathi>
	<marathi root="तूट">shortage</marathi>
	<marathi root="तुलना">comparison</marathi>
	<marathi root="तुरुंग">prison</marathi>
	<marathi root="तूप">butter</marathi>
	<marathi root="त्रास">trouble</marathi>
	<marathi root="थकणे">tired</marathi>
	<marathi root="दत्तक">adopted</marathi>
	<marathi root="दर">price</marathi>
	<marathi root="दही">curd</marathi>
	<marathi root="द्राक्ष">grapes</marathi>
	<marathi root="बास्पा">Baspa</marathi>
	<marathi root="घाट">valley</marathi>
	<marathi root="असे">is</marathi>
	<marathi root="म्हण">speak</marathi>
	<marathi root="श्रीनगरला">Srinagar</marathi>
	<marathi root="जम्मूकाश्मीरचा">Jammu and Kashmir's</marathi>
	<marathi root="गौरव">pride</marathi>
	<marathi root="पटनीटाप">Patnitop</marathi>
	<marathi root="क्षेत्र">area</marathi>
	<marathi root="सौंदर्य">beauty</marathi>
	<marathi root="प्रतीक">symbol</marathi>
	<marathi root="लडाखचे">of Ladakh</marathi>
	<marathi root="नगर">town</marathi>
	<marathi root="कारगिल">Kargil</marathi>
	<marathi root="दुसरा">second</marathi>
	<marathi root="आफ्रीका">Africa</marathi>
	<marathi root="प्रत्येक">every</marathi>
	<marathi root="वाहन">vehicle</marathi>
	<marathi root="उपलब्ध">available</marathi>
	<marathi root="रोझ">rose</marathi>
	<marathi root="गार्डन">garden</marathi>
	<marathi root="एकर">acre</marathi>
	<marathi root="टेरेस">terrace</marathi>
	<marathi root="टेर">terrace</marathi>
	<marathi root="परिसर">area</marathi>
	<marathi root="डॉल">doll</marathi>
	<marathi root="सेक्टर">sector</marathi>
	<marathi root="मध्य">in</marathi>
	<marathi root="महत्वपूर्ण">important</marathi>
	<marathi root="अमृतसर">Amritsar</marathi>
	<marathi root="ऐतिहासिक">historic</marathi>
	<marathi root="पाकिस्तान">Pakistan</marathi>
	<marathi root="जालियनवाला">Jalianwala</marathi>
	<marathi root="तीर्थस्थळ">shrine</marathi>
	<marathi root="ताजमहालाचे">Taj Mahal's</marathi>
	<marathi root="प्रवेशद्वार">entrance</marathi>
	<marathi root="दक्षिणी">south</marathi>
	<marathi root="लालकिल्ला">Red Fort</marathi>
	<marathi root="अगर्‍यातील">in Agra</marathi>
	<marathi root="इमारत">building</marathi>
	<marathi root="महत्त्वपूर्ण">important</marathi>
	<marathi root="पंचमहाल">Panch Mahal</marathi>
	<marathi root="मजल">storey</marathi>
	<marathi root="बगीचा">garden</marathi>
	<marathi root="जयपुर">Jaipur</marathi>
	<marathi root="राजस्थानची">Rajasthan's</marathi>
	<marathi root="कुतुबमीनारच्या">Qutab Minar's</marathi>
	<marathi root="पोच">reach</marathi>
	<marathi root="तयार">ready</marathi>
	<marathi root="फ्रेंच">French</marathi>
	<marathi root="बाहुली">doll</marathi>
	<marathi root="एकटा">alone</marathi>
	<marathi root="धाडस">brave</marathi>
	<marathi root="चीन">China</marathi>
	<marathi root="ठेव">put</marathi>
	<marathi root="टुलिप">Tulip</marathi>
	<marathi root="सर्दी">cold</marathi>
	<marathi root="बदल">change</marathi>
	<marathi root="थक">tire</marathi>
	<marathi root="वेगळं">different</marathi>
	<marathi root="गाड">bury</marathi>
	<marathi root="ही">this</marathi>
	<marathi root="रामरेखा">Ramrekha</marathi>
	<marathi root="पर्वतीय">a hilly</marathi>
	<marathi root="महाबोधी">Mahabodhi</marathi>
	<marathi root="फुट">feet</marathi>
	<marathi root="तारापीठ">Tarapeeth</marathi>
	<marathi root="शक्तिपीठ">shaktipeeth</marathi>
	<marathi root="रामपुर">Rampur</marathi>
	<marathi root="हाट">market</marathi>
	<marathi root="झारखंड">Jharkhand</marathi>
	<marathi root="येते">comes</marathi>
	<marathi root="बंगाल">Bengal</marathi>
	<marathi root="तळे">pond</marathi>
	<marathi root="आकार">shape</marathi>
	<marathi root="आगळावेगळ">weird</marathi>
	<marathi root="माग">behind</marathi>
	<marathi root="नर्मदापरीक्रमा">Narmada parikrama</marathi>
	<marathi root="अवघड">difficult</marathi>
	<marathi root="ओंकारेश्‍वरचे">Omkareshwar's</marathi>
	<marathi root="मांधाता">Mandhata</marathi>
	<marathi root="महेश्‍वर">Maheshwar</marathi>
	<marathi root="महेश्‍वरचा">Maheshwar's</marathi>
	<marathi root="साड्या">sarees</marathi>
	<marathi root="जबलपूर">Jabalpur</marathi>
	<marathi root="मदनमहाल">Madan Mahal</marathi>
	<marathi root="बाजनामठमध्ये">in Bajnamath</marathi>
	<marathi root="द्वार">door</marathi>
	<marathi root="बाजनामठ">Bajnamath</marathi>
	<marathi root="धुंआधार">Dhuadhar</marathi>
	<marathi root="कान्हा">Kanha</marathi>
	<marathi root="राष्‍ट्रीय">national</marathi>
	<marathi root="टेकड्यांवरुन">from hills</marathi>
	<marathi root="झर">stream</marathi>
	<marathi root="पाझर">percolate</marathi>
	<marathi root="पोह">swim</marathi>
	<marathi root="तुझी">your</marathi>
	<marathi root="माझं">my</marathi>
	<marathi root="घड्याळ">watch</marathi>
	<marathi root="पर">again</marathi>
	<marathi root="भेट">meet</marathi>
	<marathi root="आयुष्य">life</marathi>
	<marathi root="विचित्र">strange</marathi>
	<marathi root="तरुण">young</marathi>
	<marathi root="व">and</marathi>
	<marathi root="गोंधळ">confusion</marathi>
	<marathi root="अजून">still</marathi>
	<marathi root="शालिमार">Shalimar</marathi>
	<marathi root="चस्मेशाही">Chashmeshahi</marathi>
	<marathi root="निशात">Nishat</marathi>
	<marathi root="अमरनाथ">Amarnath</marathi>
	<marathi root="राणकपुर">Ranakpur</marathi>
	<marathi root="शक्तीपीठ">Shaktipeeth</marathi>
	<marathi root="जैन">Jain</marathi>
	<marathi root="वैष्नोदेवी">Vaishnodevi</marathi>
	<marathi root="पवापुरी">Pavapuri</marathi>
	<marathi root="मुक्तगिरी">Muktagiri</marathi>
	<marathi root="कोणार्क">Konark</marathi>
	<marathi root="मार्तंड">Martanda</marathi>
	<marathi root="मोधेरा">Modhera</marathi>
	<marathi root="गोव्याची">Goa's</marathi>
	<marathi root="ओरिसामध्ये">in Orissa</marathi>
	<marathi root="मध्यप्रदेशमध्ये">in Madhya Pradesh</marathi>
	<marathi root="कुतुबमिनार">Kutub Minar</marathi>
	<marathi root="दिल्लीमध्ये">in Delhi</marathi>
	<marathi root="हैदराबादची ">Hyderabad's</marathi>
	<marathi root="ट्विन">twin</marathi>
	<marathi root="सिटी">city</marathi>
	<marathi root="सिकंदराबाद">Secunderabad</marathi>
	<marathi root="मानली">considered as</marathi>
	<marathi root="धारवाडची">Dharvad's</marathi>
	<marathi root="हुबळी">Hubli</marathi>
	<marathi root="कोचीची">Kochi's</marathi>
	<marathi root="एर्नाकुलम">Earnakulam</marathi>
	<marathi root="अमृतसारला">at Amritsar</marathi>
	<marathi root="मॉर्गओला">at Margao</marathi>
	<marathi root="गणपतीचे">Ganpati's</marathi>
	<marathi root="पलीला">at Pali</marathi>
	<marathi root="रंजनगावला">at Ranjanvadi</marathi>
	<marathi root="अंधरामधे">in Andhra</marathi>
	<marathi root="बालाजीचे">Balaji's</marathi>
	<marathi root="आसामची">Assam's</marathi>
	<marathi root="शिल्लॉंग">Shillong</marathi>
	<marathi root="मणिपूरची">Manipur's</marathi>
	<marathi root="इम्फाल">Imphal</marathi>
	<marathi root="अफगाणिस्तानची">Afganisthan's</marathi>
	<marathi root="काबुल">Kabul</marathi>
	<marathi root="जर्मनीची">Germany's</marathi>
	<marathi root="बेर्लीन">Berlin</marathi>
	<marathi root="भारताचे">India's</marathi>
	<marathi root="चलन">currency</marathi>
	<marathi root="रुपया">Rupee</marathi>
	<marathi root="जपान">Japan</marathi>
	<marathi root="जपानचे">Japan's</marathi>
	<marathi root="जर्मनीचे">Germany's</marathi>
	<marathi root="युरो">Euro</marathi>
	<marathi root="अमेरिकेचे">America's</marathi>
	<marathi root="डॉलर">dollar</marathi>
	<marathi root="संस्कृत">Sanskrit</marathi>
	<marathi root="चीनी">Chinese</marathi>
	<marathi root="भारताची">India's</marathi>
	<marathi root="पाकिस्तानची">Pakisthan's</marathi>
	<marathi root="उर्दू">Urdu</marathi>
	<marathi root="थायलँडची">Thailand's</marathi>
	<marathi root="चर्च">church</marathi>
	<marathi root="सोपा">simple</marathi>
	<marathi root="आसाम">Assam</marathi>
	<marathi root="मणिपूर">Manipur</marathi>
	<marathi root="अफगाणिस्तान">Afghanistan</marathi>
	<marathi root="खोली">room</marathi>
	<marathi root="मॉस्कोमध्ये">in Moscow</marathi>
	<marathi root="स्पॅगेटी">spaghetti</marathi>
	<marathi root="डोळा">eye</marathi>
	<marathi root="उघड">open</marathi>
	<marathi root="पेन्सिल">pencil</marathi>
	<marathi root="तुट">break</marathi>
	<marathi root="रोम">Rome</marathi>
	<marathi root="इटली">Italy</marathi>
	<marathi root="विद्यार्थी">student</marathi>
	<marathi root="आमचं">our</marathi>
	<marathi root="टॉवेल">towel</marathi>
	<marathi root="ओला">wet</marathi>
	<marathi root="उद्या">tomorrow</marathi>
	<marathi root="ठीक">alright</marathi>
	<marathi root="उद्धट">rude</marathi>
	<marathi root="तुझा">your</marathi>
	<marathi root="इकड">here</marathi>
	<marathi root="जिवंत">alive</marathi>
	<marathi root="अजुनही">still</marathi>
	<marathi root="भाचा">nephew</marathi>
	<marathi root="जॉन">John</marathi>
	<marathi root="माझे">my</marathi>
	<marathi root="धारधार">sharp</marathi>
	<marathi root="वडील">father</marathi>
	<marathi root="जाग">wake</marathi>
	<marathi root="आहेत">are</marathi>
	<marathi root="लक्षद्वीपला">Lakshadweep</marathi>
	<marathi root="भरपूर">a lot of</marathi>
	<marathi root="अंदमाननिकोबार">Andaman-Nicobar</marathi>
	<marathi root="स्कूबा">SCUBA</marathi>
	<marathi root="लक्षद्वीपचे">Lakshadweep's</marathi>
	<marathi root="डाइविंग">diving</marathi>
	<marathi root="पेरियारला">in Periyar</marathi>
	<marathi root="हवाईसुंदरीने">airhostess</marathi>
	<marathi root="स्वागत">welcome</marathi>
	<marathi root="क्षमता">capacity</marathi>
	<marathi root="हत्तीवरुन">on elephant</marathi>
	<marathi root="सफर">journey</marathi>
	<marathi root="सध्या">at present</marathi>
	<marathi root="उत्तरकाशीत">in Uttarkashi</marathi>
	<marathi root="प्रवेश">entrance</marathi>
	<marathi root="जे">which</marathi>
	<marathi root="मार्कण्डेय">Markandeya</marathi>
	<marathi root="लिंग">ling</marathi>
	<marathi root="रिसियम">Risium</marathi>
	<marathi root="सिमला">Shimla</marathi>
	<marathi root="कालका">Kalka</marathi>
	<marathi root="लुधियाना">Ludhiana</marathi>
	<marathi root="देहरादून">Dehradun</marathi>
	<marathi root="कुल्लू">Kullu</marathi>
	<marathi root="मनाली">Manali</marathi>
	<marathi root="कल्प">Kalpa</marathi>
	<marathi root="नारकंड">Narkanda</marathi>
	<marathi root="मंडी">Mandi</marathi>
	<marathi root="नाहन">Nahan</marathi>
	<marathi root="हनुमानचे">Lord Hanuman's</marathi>
	<marathi root="मशोबरचे">Mashobar's</marathi>
	<marathi root="क्रेगनेनोचे">Cregneno's</marathi>
	<marathi root="बरोगचे">Barog's</marathi>
	<marathi root="सोलन">Solan</marathi>
	<marathi root="फागू">Phagu</marathi>
	<marathi root="थ्योग">Thyog</marathi>
	<marathi root="कोटगड">Kottgadh</marathi>
	<marathi root="रामपूर">Rampur</marathi>
	<marathi root="सराहन">Saharan</marathi>
	<marathi root="हतकोटी">Hathkoti</marathi>
	<marathi root="पाबर">Pabar</marathi>
	<marathi root="मासा">fish</marathi>
	<marathi root="ट्राउट">trout</marathi>
	<marathi root="कुलूपासून">from Kullu</marathi>
	<marathi root="कतरेन">Kataren</marathi>
	<marathi root="रायसन">Raisan</marathi>
	<marathi root="नागर">Nagarche</marathi>
	<marathi root="पठाणकोट">Pathankot</marathi>
	<marathi root="कांगडा">Kangda</marathi>
	<marathi root="नाडौन">Nadaun</marathi>
	<marathi root="भगवान">Lord</marathi>
	<marathi root="बैजनाथचे">Baijnath's</marathi>
	<marathi root="ज्वालामुखी">Jwalamukhi</marathi>
	<marathi root="उदबत्तींसाठी">for incense sticks</marathi>
	<marathi root="पालमपूर">Palampur</marathi>
	<marathi root="संप">finish</marathi>
	<marathi root="विजयनगरची">Vijaynagar's</marathi>
	<marathi root="हंपी">Humpi</marathi>
	<marathi root="दिल्लीपासून">from Delhi</marathi>
	<marathi root="मथुरा">Mathura</marathi>
	<marathi root="विलक्षण">unique</marathi>
	<marathi root="बिर्ला">Birla</marathi>
	<marathi root="स्थानक">station</marathi>
	<marathi root="रेल्वे">railway</marathi>
	<marathi root="औबेदुल्लागंज">Obedullaganj</marathi>
	<marathi root="उदयगिरी">Udaigiri</marathi>
	<marathi root="नंबर">number</marathi>
	<marathi root="सामान्य">general</marathi>
	<marathi root="आयताकार">rectangular</marathi>
	<marathi root="ब्रह्मेश्वर">Brahmeshwar</marathi>
	<marathi root="ब्रह्मकुंडा">Brahmakunda</marathi>
	<marathi root="कुरुक्षेत्र">Kurukshetra</marathi>
	<marathi root="सुमारे">about</marathi>
	<marathi root="चंद्रकूप">Chandrakoop</marathi>
	<marathi root="थानेश्वर">Thaneshwar</marathi>
	<marathi root="पेहवा">Pehwa</marathi>
	<marathi root="कमलनाभी">Kamal Nabhi</marathi>
	<marathi root="पितृतीर्थ">ancestor pilgrimage</marathi>
	<marathi root="पिंजौर">Pinjore</marathi>
	<marathi root="बी">beach</marathi>
	<marathi root="उपयुक्त">appropriate</marathi>
	<marathi root="दीव">Diu</marathi>
	<marathi root="केंद्र">centre</marathi>
	<marathi root="सोलारियम">Solarium</marathi>
	<marathi root="टॉवर">tower</marathi>
	<marathi root="निसर्गोपचार">natural treatment</marathi>
	<marathi root="लाकोट">Lakot</marathi>
	<marathi root="जामनगरचे">Jamnagar's</marathi>
	<marathi root="जूनागढ">Junagadh</marathi>
	<marathi root="अहमदाबाद">Ahmedabad</marathi>
	<marathi root="सोमनाथ">Somnath</marathi>
	<marathi root="केशोद">Keshod</marathi>
	<marathi root="सापुतारापासून">from Saputara</marathi>
	<marathi root="रायपुरमध्ये">in Raipur</marathi>
	<marathi root="उद्योगधंदे">industries</marathi>
	<marathi root="विलासपुरमध्ये">in Bilaspur</marathi>
	<marathi root="उद्योग">industries</marathi>	
	<marathi root="बरे">many</marathi>
	<marathi root="परशुराम">Parshuram</marathi>
	<marathi root="कोच्ची">Kochi</marathi>
	<marathi root="मंडोवा">Mandova</marathi>
	<marathi root="वज्रपोहा">Vajrapoha</marathi>
	<marathi root="गौडचेन">Godchin</marathi>
	<marathi root="मालिकी">Maliki</marathi>
	<marathi root="ग्रॅंड">grand</marathi>
	<marathi root="केनयौनचे">Canyon's</marathi>
	<marathi root="मेयो">Mayo</marathi>
	<marathi root="कॉलेज">college</marathi>
	<marathi root="स्थापन">establish</marathi>
	<marathi root="नक्षीकाम">architecture</marathi>
	<marathi root="अत्यंत">very</marathi>
	<marathi root="बारीक">delicate(thin)</marathi>
	<marathi root="आध">before</marathi>
	<marathi root="मारवाड">Marwad</marathi>
	<marathi root="मंडोर">Mandor</marathi>
	<marathi root="लेहचा">Leh's</marathi>
	<marathi root="बाजार">market</marathi>
	<marathi root="अदवानी">Adwani</marathi>
	<marathi root="पौडीपासून">from Paudi</marathi>
	<marathi root="स्लीपिंग">sleeping</marathi>
	<marathi root="बॅग">bag</marathi>
	<marathi root="थैलीप्रमाणे">like a bag</marathi>
	<marathi root="असते">is</marathi>
	<marathi root="दाणा">nut</marathi>
	<marathi root="पराक्रमी">courageous</marathi>
	<marathi root="पराभूत">loser</marathi>
	<marathi root="अंगण">frontyard</marathi>
	<marathi root="जगविख्यात">world famous</marathi>
<marathi root="सुलतानपूरमध्ये">In Sultanpur</marathi>

<marathi root="लालमहाल">Lalmahal</marathi>
<marathi root="अजिंठा">Ajintha</marathi>
<marathi root="शिवाजी">Shivaji</marathi>
<marathi root="मैदान">playground</marathi>
<marathi root="प्रतापगड">Pratapgad</marathi>
<marathi root="सुरत">Surat</marathi>
<marathi root="देशपांडे">Deshpande</marathi>
<marathi root="नामदेव">Namdev</marathi>
<marathi root="लेखक">writer</marathi>

<marathi root="खांडेकर">Khandekar</marathi>
<marathi root="पाडगावकर">Padgaonkar</marathi>
<marathi root="शांताशेळके">Shanta Shelake</marathi>
<marathi root="कवयित्री">Poet</marathi>
<marathi root="लतामंगेशकर">Lata Mangeshkar</marathi>
<marathi root="गायिका">singer</marathi>
<marathi root="आशाभोसले">Asha bhosale</marathi>
<marathi root="देवनंद">Devanand</marathi>
<marathi root="अभिनेता">actor</marathi>
<marathi root="रफी">Rafi</marathi>
<marathi root="देवभूमी">God's place</marathi>
<marathi root="देवेंद्र">Devendra</marathi>
<marathi root="पंतप्रधान">Prime Minister</marathi>
<marathi root="मोदी">Modi</marathi>
<marathi root="कॉफी">coffee</marathi>
<marathi root="शीतल">cool</marathi>
<marathi root="हवेशीर">airy</marathi>
<marathi root="प्रशस्त">spacious</marathi>
<marathi root="हॉल">hall</marathi>
<marathi root="रयरेश्‍वर">Raireshwar</marathi>
<marathi root="कान्हाला">Kanha</marathi>
<marathi root="इडन">Eden</marathi>
<marathi root="स्क्वेर">square</marathi>
<marathi root="क्षेत्रफळ">area</marathi>
<marathi root="काही">some</marathi>
<marathi root="बाभूळाची">Babool's</marathi>
<marathi root="साहस">courageous</marathi>
<marathi root="हॅंगग्लायडिंग">hanggliding</marathi>
<marathi root="अरुंद">narrow</marathi>
<marathi root="बंजीजंपींग">Bunjee Jumping</marathi>
<marathi root="स्कायडायविंग">Sky Diving</marathi>
<marathi root="स्कायस्वींग">Sky Swing</marathi>
<marathi root="स्कीईंग">Skiing</marathi>
<marathi root="पंधराशुब्र">clean white</marathi>
<marathi root="निळेशार">cool blue</marathi>
<marathi root="हिरवेगार">cool green</marathi>
<marathi root="पिवळाधमक">dark yellow</marathi>
<marathi root="साप">snake</marathi>
<marathi root="काश्मिरी">Kashmiri</marathi>
<marathi root="पहाडी">hilly</marathi>
<marathi root="मिनाराची">minar's</marathi>
<marathi root="धार्मिक">religious</marathi>
<marathi root="महत्व">important</marathi>
<marathi root="महत्त्व">important</marathi>
<marathi root="चविष्ठ">tasty</marathi>
<marathi root="बसस्थानकाहून">from bus stand</marathi>
<marathi root="नदीतळापासून">from river bed</marathi>
<marathi root="दृष्टिकोन">point of view</marathi>
<marathi root="अंबा">mango</marathi>
<marathi root="अंजीर">fig</marathi>
<marathi root="धनत्रयोदशी">Dhanteras</marathi>
<marathi root="बकुलियामध्ये">in Bakulia</marathi>
<marathi root="नरकचतुर्दशी">Chaudas</marathi>
<marathi root="महामंदिर">megatemple</marathi>
<marathi root="अलाहाबाद">Allahabad</marathi>
<marathi root="तीर्थक्षेत्र">pilgrimage</marathi>
<marathi root="मेझा">Mejha</marathi>
<marathi root="विश्रामगृह">resthouse</marathi>
<marathi root="दार्जीलिंगचा">Darjeeling's</marathi>
<marathi root="एसटीडी">STD</marathi>
<marathi root="कोड">code</marathi>
<marathi root="कुरसियोंग">Kursiyong</marathi>
<marathi root="कलिमपोंग">Kalimpong</marathi>
<marathi root="जाम">Jama</marathi>
<marathi root="मजीतार">Majitaar</marathi>
<marathi root="संदकफू">Sandakphu</marathi>
<marathi root="पालकोट">Palkot</marathi>
<marathi root="प्रखंड">block</marathi>
<marathi root="मुख्यालय">headquarters</marathi>
<marathi root="प्राचार्य">professor</marathi>
</class>
