<?xml version="1.0" encoding="UTF-8"?>
<class>

<rule sequence="दुसरा">second</rule>
<rule sequence="दीड">one and a half</rule>
	<rule sequence="शून्य">zero</rule>
	<rule sequence="एक">one</rule>
	<rule sequence="दोन">two</rule>
	<rule sequence="तीन">three</rule>
	<rule sequence="चार">four</rule>
	<rule sequence="पाच">five</rule>
	<rule sequence="सहा">six</rule>
	<rule sequence="सात">seven</rule>
	<rule sequence="आठ">eight</rule>
	<rule sequence="नऊ">nine</rule>
	<rule sequence="दहा">ten</rule>
	<rule sequence="अकरा">eleven</rule>
	<rule sequence="बारा">twelve</rule>
	<rule sequence="तेरा">thirteen</rule>
	<rule sequence="चाैदा">fourteen</rule>
	<rule sequence="पंधरा">fifteen</rule>
	<rule sequence="सोळा">sixteen</rule>
	<rule sequence="सतरा">seventeen</rule>
	<rule sequence="अठरा">eighteen</rule>
	<rule sequence="एकोणीस">nineteen</rule>
	<rule sequence="वीस">twenty</rule>
	<rule sequence="एकवीस">twenty one</rule>
	<rule sequence="बावीस">twenty two</rule>
	<rule sequence="तेवीस">twenty three</rule>
	<rule sequence="चोवीस">twenty four</rule>
	<rule sequence="पंचवीस">twenty five</rule>
	<rule sequence="सव्वीस">twenty six</rule>
	<rule sequence="सत्तावीस">twenty seven</rule>
	<rule sequence="अठ्ठावीस">twenty eight</rule>
	<rule sequence="एकोणतीस">twenty nine</rule>
	<rule sequence="तीस">thirty</rule>
	<rule sequence="एकतीस">thirty one</rule>
	<rule sequence="बत्तीस">thirty two</rule>
	<rule sequence="तेहेतीस">thirty three</rule>
	<rule sequence="चाैतीस">thirty four</rule>
	<rule sequence="पस्तीस">thirty five</rule>
	<rule sequence="छत्तीस">thirty six</rule>
	<rule sequence="सदतीस">thirty seven</rule>
	<rule sequence="अडतीस">thirty eight</rule>
	<rule sequence="एकाेणचाळीस">thirty nine</rule>
	<rule sequence="चाळीस">forty</rule>
	<rule sequence="एकेचाळीस">forty one</rule>
	<rule sequence="बेचाळीस">forty two</rule>
	<rule sequence="त्रेचाळीस">forty three</rule>
	<rule sequence="चव्वेचाळीस">forty four</rule>
	<rule sequence="पंचेचाळीस">forty five</rule>
	<rule sequence="सेहेचाळीस">forty six</rule>
	<rule sequence="सत्तेचाळीस">forty seven</rule>
	<rule sequence="अठ्ठेचाळीस">forty eight</rule>
	<rule sequence="एकाेणपन्नास">forty nine</rule>
	<rule sequence="पन्नास">fifty</rule>
	<rule sequence="एक्कावन्न">fifty one</rule>
	<rule sequence="बावन्न">fifty two</rule>
	<rule sequence="त्रेपन्न">fifty three</rule>
	<rule sequence="चाेपन्न">fifty four</rule>
	<rule sequence="पंचावन्न">fifty five</rule>
	<rule sequence="छप्पन्न">fifty six</rule>
	<rule sequence="सत्तावन्न">fifty seven</rule>
	<rule sequence="अठ्ठावन्न">fifty eight</rule>
	<rule sequence="एकाेणसाठ">fifty nine</rule>
	<rule sequence="साठ">sixty</rule>
	<rule sequence="एकसष्ठ">sixty one</rule>
	<rule sequence="बासष्ठ">sixty two</rule>
	<rule sequence="त्रेसष्ठ">sixty three</rule>
	<rule sequence="चाैसष्ठ">sixty four</rule>
	<rule sequence="पासष्ठ">sixty five</rule>
	<rule sequence="सहासष्ठ">sixty six</rule>
	<rule sequence="सदुसष्ठ">sixty seven</rule>
	<rule sequence="अडुसष्ठ">sixty eight</rule>
	<rule sequence="एकोणसत्तर">sixty nine</rule>
	<rule sequence="सत्तर">seventy</rule>
	<rule sequence="एक्काहत्तर">seventy one</rule>
	<rule sequence="बाहत्तर">seventy two</rule>
	<rule sequence="त्र्याहत्तर">seventy three</rule>
	<rule sequence="चाैर्याहत्तर">seventy four</rule>
	<rule sequence="पंच्याहत्तर">seventy five</rule>
	<rule sequence="शहात्तर">seventy six</rule>
	<rule sequence="सत्याहत्तर">seventy seven</rule>
	<rule sequence="अठ्ठ्याहत्तर">seventy eight</rule>
	<rule sequence="एकोणऐंशी">seventy nine</rule>
	<rule sequence="ऐंशी">eighty</rule>
	<rule sequence="एक्क्याऐंशी">eighty one</rule>
	<rule sequence="ब्याऐंशी">eighty two</rule>
	<rule sequence="त्र्याऐंशी">eighty three</rule>
	<rule sequence="चाैर्याऐंशी">eighty four</rule>
	<rule sequence="पंच्याऐंशी">eighty five</rule>
	<rule sequence="शहाऐंशी">eighty six</rule>
	<rule sequence="सत्त्याऐंशी">eighty seven</rule>
	<rule sequence="अठ्ठ्याऐंशी">eighty eight</rule>
	<rule sequence="एकोणनव्वद">eighty nine</rule>
	<rule sequence="नव्वद">ninety</rule>
	<rule sequence="एक्क्याण्णव">ninety one</rule>
	<rule sequence="ब्याण्णव">ninety two</rule>
	<rule sequence="त्र्याण्णव">ninety three</rule>
	<rule sequence="चौऱ्याण्णव">ninety four</rule>
	<rule sequence="पंच्याण्णव">ninety five</rule>
	<rule sequence="शहाण्णव">ninety six</rule>
	<rule sequence="सत्त्याण्णव">ninety seven</rule>
	<rule sequence="अठ्ठ्याण्णव">ninety eight</rule>
	<rule sequence="नव्व्याण्णव">ninety nine</rule>
	<rule sequence="शंभर">hundred</rule>
	<rule sequence="एकशे">one hundred</rule>
	<rule sequence="दोनशे">two hundred</rule>
	<rule sequence="तीनशे">three hundred</rule>
	<rule sequence="चारशे">four hundred</rule>
	<rule sequence="पाचशे">five hundred</rule>
	<rule sequence="सहाशे">six hundred</rule>
	<rule sequence="सातशे">seven hundred</rule>
	<rule sequence="आठशे">eight hundred</rule>
	<rule sequence="नऊशे">nine hundred</rule>
	<rule sequence="शे">hundred</rule>
	<rule sequence="हजार">thousand</rule>
	<rule sequence="लाख">lakh</rule>
	<rule sequence="कोटी">crore</rule>
	<rule sequence="तिसरा">third</rule>
	<rule sequence="दोन्ही">both</rule>
</class>