<?xml version="1.0" encoding="UTF-8"?>
<class>
<rule sequence="n n pn adv n v">0 1 2 5 3 4</rule>
<rule sequence="pn num adj n v">0 4 1 2 3</rule>
<rule sequence="n v n n n v">0 1 2 3 5 4</rule>
<rule sequence="pn avy n v">0 3 1 2</rule>
<rule sequence="n avy n n n v">1 2 3 4 5 0</rule>
<rule sequence="v nst v">0 2 1</rule>
<rule sequence="pp nst v">0 2 1</rule>
<rule sequence="n n avy num n v">0 1 5 2 3 4</rule>
<rule sequence="n n num n adv v">0 1 5 2 3 4</rule>
<rule sequence="n n n num v v">0 1 2 5 3 4</rule>
<rule sequence="v n v">0 2 1</rule>
<rule sequence="n v n n">1 0 3 2</rule>
<rule sequence="pn n n num n v">0 1 2 5 3 4</rule>
<rule sequence="pn pn n n v">0 1 4 2 3</rule>
<rule sequence="nst n v">1 2 0</rule>
<rule sequence="nst n n v v">1 2 4 3 0</rule>
<rule sequence="nst n n n">0 1 3 2</rule>
<rule sequence="nst n v n n">0 1 4 2 3</rule>
<rule sequence="n n num v">0 1 3 2</rule>
<rule sequence="n n num num v">0 1 4 2 3</rule>
<rule sequence="n n v n num n n">0 1 2 6 3 4 5</rule>
<rule sequence="n n num v v">0 4 1 2 3</rule>
<rule sequence="n n num v n">0 4 1 2 3</rule>
<rule sequence="pn n v n v v">0 2 1 5 3 4</rule>
<rule sequence="pn v v num n">0 1 2 4 3</rule>
<rule sequence="pn v n n">0 1 3 2</rule>
<rule sequence="pn v v n n">0 2 1 4 3</rule>
<rule sequence="nst n n">0 2 1</rule>
<rule sequence="n n num n n">0 1 4 2 3</rule>
<rule sequence="n n n n n n">0 5 2 3 4 1</rule>
<rule sequence="n n pn avy n n">0 5 2 3 4 1</rule>
<rule sequence="n n num v avy n">0 5 2 3 4 1</rule>
<rule sequence="v n n n">0 3 1 2</rule>
<rule sequence="v num n n">0 3 1 2</rule>
<rule sequence="n n pn n n n">0 5 1 2 3 4</rule>
<rule sequence="pn v n n">0 3 2 1</rule>
<rule sequence="n n num n n n v">0 1 6 2 3 4 5</rule>
<rule sequence="pn n n n v">0 4 1 2 3</rule>
<rule sequence="pn pn n n v v">0 1 5 4 2 3</rule>
<rule sequence="n pn n v v">0 1 4 3 2</rule>
<rule sequence="n n n num n n">0 1 2 5 3 4</rule>
<rule sequence="n num n adj v">0 4 1 2 3</rule>
<rule sequence="pn n n adv n v">0 1 2 5 3 4</rule>
<rule sequence="pn n n num n n v">0 1 2 6 3 4 5</rule>

<rule sequence="pn nst n v">1 0 3 2</rule>
<rule sequence="pn n n n v">0 1 2 4 3</rule>
<rule sequence="pn n n n n v">0 1 5 4 3 2</rule>
<rule sequence="n v adj n v">2 3 4 1 0</rule>
<rule sequence="pn n n n v v">0 5 4 1 2 3</rule>
<rule sequence="pn n adv n v">0 1 4 2 3</rule>
<rule sequence="pp adv n n v">0 4 1 2 3</rule>
<rule sequence="n adv v v">1 2 3 0</rule>
<rule sequence="pn n avy v">1 3 2 0</rule>
<rule sequence="n n nst n n v">3 4 5 2 0 1</rule>
<rule sequence="n n n n n v v">0 1 5 2 3 4</rule><!-- सोनभद्राचा उगम एका लघु कुंडातून झाला -->
<!-- nikhil's code 6 march-->
<rule sequence="nst n n v">1 2 3 0</rule>
<rule sequence="pn n adv v">0 1 3 2</rule>	<!-- kerala idli khup kahptat -->
	<rule sequence="pp num">0 1</rule>   <!-- तो एक-->
	<rule sequence="adj n n v">0 1 3 2</rule> <!--  navin vachanalay suru zale-->
	<rule sequence="pn n n n">1 0 3 2</rule>
	 <rule sequence="n adj v">0 2 1</rule> <!-- dharmashala was good -->
	<rule sequence="n num n n">0 3 1 2</rule>   <!--सिंहगडाला १०० पायर्या अाहेत-->
	<rule sequence="n num n n n">0 4 1 2 3</rule>   <!--त्रिपुरात ३ पर्यटक स्थळ अाहेत-->
	<rule sequence="n num n adj n">0 4 1 2 3</rule>   <!--त्रिपुरात ३ पर्यटक स्थळ अाहेत-->
	<rule sequence="pn adv adv v">0 3 1 2 </rule> <!-- thithe khup shanta vatle -->
	<rule sequence="pn num n n n">0 4 1 2 3</rule>   <!--येथे ३ नद्यांचा संगम अाहे-->
	<rule sequence="n n num n n n">0 5 2 3 4 1</rule>   <!--संग्रहालय शिमलाहून ६५ किलोमीटर अंतरावर अाहे-->
	<rule sequence="n n num n v n">0 5 2 3 4 1</rule>   <!--शिमला पर्यटकांसाठी एक दिव्य अनुभव अाहे-->
	<rule sequence="pn num n n v">0 4 1 2 3</rule>   <!--येथे २२६ कांस्य नाणी मिळाली-->
	<rule sequence="pn n num n n n">0 1 5 2 3 4</rule>   <!--ती मूर्ती १० मीटर उंच अाहे-->
	<rule sequence="pp n num n n n">0 1 5 2 3 4</rule>   <!--ती मूर्ती १० मीटर उंच अाहे-->
	<rule sequence="n n num n n v">0 1 5 2 3 4</rule>   <!--दिल्लीहून चंदीगढ २४९ किमी दूर आहे-->	
	<rule sequence="n n num avy n v">0 1 5 2 3 4</rule>   <!--बुद्धाच्या जीवनात आठ प्रमुख प्रसंग होत्या-->
	<rule sequence="n adv num n adv n">0 5 1 2 3 4</rule>   <!--गुहा अंदाजे १५० किलोमीटर लांब अाहे-->
	<rule sequence="pn n num n n">0 1 4 2 3</rule>   <!--त्याचे वय २० वर्षे अाहे-->
	<rule sequence="n n num n adj v">0 1 5 2 3 4</rule>   <!--भगवती मंदिर ५०० वर्षे जुने आहे-->
	<rule sequence="pn n num n n v">0 1 5 2 3 4</rule>   <!--ती मूर्ती १० मीटर उंच अाहे-->
	<rule sequence="pn n adj v">0 1 3 2</rule>
<!--nikhil's code ends-->

<!-- adesh and aishwarya rules 6thmarch -->
<rule sequence="adj n v n v">0 1 2 4 3</rule>
<rule sequence="n n n adv n v">0 1 2 5 3 4</rule>
<rule sequence="num n avy num n v">1 0 5 2 3 4</rule>
<rule sequence="n nst n n v">1 2 0 4 3</rule>
<rule sequence="n n n avy num n n v">0 1 7 3 4 5 6 2</rule>
<rule sequence="n n n nst v">0 1 4 3 2</rule>
<rule sequence="avy n num n adv v">0 1 5 2 3 4</rule>
<rule sequence="n pn num n n n v">0 1 6 2 3 4 5</rule>
<rule sequence="n n pn v">0 1 3 2</rule>
<rule sequence="n n n n pn pn">0 1 2 3 5 4</rule>
<rule sequence="n avy n n v">0 4 1 2 3</rule>
<rule sequence="pp n adj adj">0 1 3 2</rule>
<rule sequence="n n pn pn">0 1 3 2</rule>
<rule sequence="avy pn n v">0 3 1 2</rule>
<rule sequence="n pn v v">0 3 1 2</rule>
<rule sequence="pn adv v">0 1 2</rule>
<rule sequence="n num avy n v">1 2 3 4 0</rule>
<rule sequence="n nst n v">1 0 3 2</rule>
<rule sequence="n n n n">0 1 3 2</rule>
<rule sequence="n n n num n v">0 1 2 5 3 4</rule>
<rule sequence="n n n num v">0 1 2 4 3</rule>
<rule sequence="avy pn v v">0 3 1 2</rule>
<rule sequence="avy pp v">0 2 1</rule>
<rule sequence="pp v v">0 2 1</rule>
<rule sequence="pn n n adj adj">0 1 4 3 2</rule>
<rule sequence="avy pn v">2 0 1</rule>
<rule sequence="avy num n v">0 3 1 2</rule>
<rule sequence="pp adj v">0 2 1</rule>
<rule sequence="pn n pn v">0 1 3 2</rule>
<rule sequence="n adj v v">1 3 2 0</rule> <!-- punyat thandi vadli ahe -->
<rule sequence="n v adv v">0 1 3 2</rule>
<rule sequence="pp adv n v">0 3 1 2</rule>
<rule sequence="n adv adv v">0 3 1 2</rule> <!-- dari khup khol ahe -->
<rule sequence="pn adv n v">0 3 2 1</rule> <!--  amhi roj parvativar jato-->
<rule sequence="n pn n v">0 3 1 2</rule> <!-- guhagar amche gaav ahe -->
<rule sequence="n n adv v">3 2 1 0</rule> <!-- नागपूरला संत्री खूप मिळतात -->
<rule sequence="n adv v">0 2 1</rule> <!-- aggadi susat dhavte -->
<rule sequence="n v n v">0 1 3 2</rule>	<!-- punyachi bas banda ahe -->
<!-- adesh rules 6thmarch & 9th march -->
<rule sequence="n n adv avy v">0 1 4 2 3</rule>
<rule sequence="nst n n n n v">0 1 2 3 5 4</rule>
<rule sequence="n avy n num n n v">0 1 2 6 3 4 5</rule>
<rule sequence="n num n n v v">0 5 4 1 2 3</rule>
<rule sequence="n num adj n v">0 4 1 2 3</rule>
<rule sequence="nst n n n v">0 1 2 4 3</rule>
<rule sequence="avy n num n n v">0 1 5 2 3 4</rule>
<rule sequence="n n n num n n v">2 5 1 0 6 3 4</rule>
<rule sequence="v num v">0 2 1</rule>
<rule sequence="pn pn n v">0 3 1 2</rule>
<rule sequence="n v v v">0 1 3 2</rule>
<rule sequence="pp adv pn pn">0 3 1 2</rule>
<rule sequence="pp pn n v">0 3 1 2</rule>
<rule sequence="pn pn v v">0 3 1 2</rule>
<rule sequence="pn pn v">0 2 1</rule>
<rule sequence="n n n n n">0 1 2 4 3</rule>
<rule sequence="n n num n v">0 1 4 2 3</rule>
<rule sequence="n adv adj v">0 3 1 2</rule>
<rule sequence="n n adv num n v">0 1 5 2 3 4</rule>
<rule sequence="v n num n n v">0 1 5 2 3 4</rule>
<rule sequence="n pn n n v">0 1 4 3 2</rule>
<rule sequence="n n n n n v">0 1 2 5 3 4</rule>
<rule sequence="n num n n v">0 4 1 2 3</rule>
<rule sequence="n num n v v">0 4 1 2 3</rule>
<rule sequence="n n n num nst v">0 1 5 4 2 3</rule>
<rule sequence="n n adv n v">0 1 4 2 3</rule>
<rule sequence="pn n n num nst v">0 1 5 4 2 3</rule>
<rule sequence="n n num n v v">0 1 5 4 2 3</rule>
<rule sequence="n num avy n n v">1 2 3 0 5 4</rule>
<rule sequence="n n n n v v">0 1 5 4 2 3</rule>
<rule sequence="n n n n v">0 4 1 2 3</rule>	<!--  mahableshwar thanda haveche thikan ahe-->
<rule sequence="n n n n adj v">0 1 5 2 3 4</rule>
<rule sequence="n n n avy n v">0 1 2 5 4 3</rule>
<rule sequence="n n avy n v">0 4 2 3 1</rule>
<rule sequence="n avy n v">0 3 1 2</rule>
<rule sequence="pn n n v v">0 4 3 1 2</rule>
<rule sequence="pn n n v v v">0 1 5 4 2 3</rule>
<rule sequence="pn n n pn v">0 3 4 1 2</rule>
<rule sequence="n n n pn v">0 3 4 1 2</rule>
<rule sequence="n pn num avy n v">1 5 2 3 4 0</rule>
<!-- nikhil's code-->
	<rule sequence="pp num">0 1</rule>   <!-- तो एक-->
<!--nikhil's code ends-->
	<rule sequence="n n v num n v">0 2 1 5 3 4</rule>
	<rule sequence="n n n v v">1 2 4 3 0</rule> <!-- keralamadhye malayalam bhasha bolli jaate -->
	<rule sequence="n pn nst n v">1 4 2 3 0</rule>   <!-- sakali amhi javalchya mandirat gelo -->
	<rule sequence="n pn v">0 2 1</rule>   <!-- mala he adhalle -->
	<rule sequence="n adv n v">0 3 1 2</rule>   <!-- lavasala khup hirval ahe -->
	<rule sequence="n num n v">1 2 3 0</rule>   <!-- jgat saat ashcharya ahet -->
	<rule sequence="pn num n v">0 3 1 2</rule> <!-- yethe ek talav aahe -->
	<rule sequence="pn adv avy v v">0 4 3 1 2</rule>   <!-- sakali amhi javalchya mandirat gelo -->
	<rule sequence="n avy v v">0 3 2 1</rule>   <!-- aai sundar disat ahe -->
	<rule sequence="pn adj n v">0 1 3 2</rule>   <!-- apan sagle swash geto -->
	<rule sequence="n adj n v">0 1 3 2</rule>   <!-- apan sagle swash geto -->
	<rule sequence="n n n v">0 3 1 2 </rule>   <!-- Ranch parytan sthal ahe -->
	<rule sequence="pn n n v">0 3 1 2 </rule>   <!-- sarvanche kutuhal swabhavik hote -->
	<rule sequence="n n avy v">0 1 3 2 </rule>   <!-- neelkanteshwarache mandir sundar ahe -->
	<rule sequence="pp n nst v">0 3 2 1</rule>   <!-- toh shaletun baher gela -->
	<rule sequence="n num n adv v">0 1 2 4 3</rule>   <!-- kannyakumarila teen samudra ekatra yetat -->
	<rule sequence="pn n nst v">0 3 2 1</rule>   <!-- ti shaletun baher gela -->
	<rule sequence="n n nst v">0 3 1 2</rule>   <!-- rahechi murti nantar banavli geli ahe -->
	<rule sequence="pp n n v">0 3 1 2</rule>   <!-- toh adeshcha mitra ahe -->
	<rule sequence="pp n v">0 2 1</rule>   <!-- toh shalemadhe aahe -->
	<rule sequence="avy n avy v">0 1 3 2</rule>   <!-- sarva fhule sundar ahet -->
	<rule sequence="avy v n v">0 1 3 2</rule>   <!-- purna bharleli batli ahe -->
	<rule sequence="avy adv n v">2 3 0 1</rule>   <!--purna shanta ghar ahe -->
	<rule sequence="adv adj n v">2 3 0 1</rule>   <!-- khup mothe pustak ahe -->
	<rule sequence="avy n adv v">0 1 3 2</rule>   <!-- sarva mule shanta hoti -->
	<rule sequence="avy n n v">0 1 3 2</rule>   <!-- purna gharat shantata ahe -->
	<rule sequence="adv n n v">2 3 0 1</rule>   <!-- khup swacha shala hoti -->
	<rule sequence="adv avy n v">2 3 0 1</rule>   <!--khup motha killa ahe -->
	<rule sequence="pp v">0 1</rule>   <!-- to zopla -->
	<rule sequence="pn v">0 1</rule>   <!-- ti zopli -->
	<rule sequence="avy v">0 1</rule>  <!-- te yetat -->
	<rule sequence="pn n v">0 2 1</rule>   <!-- mala amba avadto -->
	<rule sequence="pn n v v">0 3 2 1</rule> <!-- yala manstambh mhatle jate -->
	<rule sequence="n n v">0 2 1</rule>	<!--aishwaryala amba avdato -->
	<rule sequence="n v v">0 2 1</rule>  <!-- aishwarya amba khate -->
	<rule sequence="pn v v">0 2 1</rule>  <!--tila tras ahe -->
	<rule sequence="n v">0 1</rule>  <!-- chandra chamakto -->
	<rule sequence="n avy v">0 2 1</rule>  <!-- aai sundar disat ahe -->
	<rule sequence="n n v v">0 3 2 1</rule>  <!-- apurva bhat khat hoti -->
</class>
